Customer ID,Monetary,Frequency,Recency,R_quartile,F_quartile,M_quartile,RFM Score
404,6742.74,223,10,1,1,1,111
304,10372.37,256,1,1,1,1,111
1722,14382.990000000007,171,23,1,1,1,111
1390,6320.739999999997,161,14,1,1,1,111
718,23090.349999999988,375,0,1,1,1,111
693,7481.3499999999985,184,6,1,1,1,111
1974,6067.420000000004,166,24,1,1,1,111
1971,6031.659999999999,131,24,1,1,1,111
294,6913.009999999999,236,5,1,1,1,111
690,5632.22,205,21,1,1,1,111
712,13556.239999999994,226,34,1,1,1,111
1421,6781.919999999998,195,13,1,1,1,111
1388,7803.509999999998,130,16,1,1,1,111
1707,7584.659999999997,389,15,1,1,1,111
1042,6551.689999999998,219,35,1,1,1,111
1367,14336.52999999998,243,23,1,1,1,111
1461,8328.059999999998,221,29,1,1,1,111
1527,19215.049999999985,253,32,1,1,1,111
511,6591.880000000003,272,21,1,1,1,111
253,14205.279999999999,262,18,1,1,1,111
641,15546.269999999988,288,29,1,1,1,111
1391,10013.469999999998,148,25,1,1,1,111
1070,5951.310000000003,148,34,1,1,1,111
682,5421.429999999999,159,30,1,1,1,111
27,6214.349999999998,380,34,1,1,1,111
1751,5143.41,128,18,1,1,1,111
1111,21423.379999999997,262,31,1,1,1,111
1936,5804.329999999996,215,31,1,1,1,111
334,6170.040000000002,278,27,1,1,1,111
676,12754.829999999994,303,8,1,1,1,111
755,11145.320000000012,246,35,1,1,1,111
670,6558.099999999996,177,28,1,1,1,111
1612,9360.049999999997,129,28,1,1,1,111
1677,14373.039999999997,171,14,1,1,1,111
1476,10392.179999999993,274,34,1,1,1,111
1479,10239.460000000003,445,23,1,1,1,111
513,14745.779999999993,156,20,1,1,1,111
1490,6306.859999999999,185,3,1,1,1,111
345,7425.509999999998,172,26,1,1,1,111
805,6890.38,226,10,1,1,1,111
1917,7952.070000000004,259,7,1,1,1,111
131,7370.069999999996,242,24,1,1,1,111
1130,8185.309999999998,249,0,1,1,1,111
361,10770.559999999989,201,3,1,1,1,111
679,7319.17,180,17,1,1,1,111
1943,5970.259999999998,166,10,1,1,1,111
52,6052.579999999997,126,12,1,1,1,111
1222,7007.16,156,26,1,1,1,111
744,5822.1,146,0,1,1,1,111
895,9574.12,180,19,1,1,1,111
1767,11019.890000000001,260,13,1,1,1,111
374,7806.450000000004,131,32,1,1,1,111
239,5661.559999999997,240,26,1,1,1,111
631,10759.909999999996,381,28,1,1,1,111
1852,11062.380000000001,221,10,1,1,1,111
235,13326.230000000007,181,10,1,1,1,111
630,10434.649999999996,179,3,1,1,1,111
624,7570.48,136,25,1,1,1,111
125,12546.710000000005,278,11,1,1,1,111
454,10774.759999999997,311,9,1,1,1,111
1710,14020.680000000002,151,15,1,1,1,111
1272,11356.899999999998,249,32,1,1,1,111
1873,6601.850000000002,181,24,1,1,1,111
68,5929.670000000003,311,4,1,1,1,111
1633,12045.82,178,5,1,1,1,111
867,6887.83,149,30,1,1,1,111
1260,12151.79,129,23,1,1,1,111
1865,7183.9199999999955,161,20,1,1,1,111
886,5530.879999999999,170,15,1,1,1,111
1256,5708.59,157,19,1,1,1,111
1138,5355.840000000001,191,7,1,1,1,111
1803,15669.51999999999,205,17,1,1,1,111
988,7750.290000000005,131,9,1,1,1,111
1769,8664.310000000007,131,16,1,1,1,111
979,15716.739999999998,172,23,1,1,1,111
1229,19942.420000000006,300,26,1,1,1,111
85,5645.300000000002,245,16,1,1,1,111
588,10779.14,211,27,1,1,1,111
1584,8300.219999999994,245,6,1,1,1,111
365,7978.97,137,8,1,1,1,111
1835,12436.569999999998,250,11,1,1,1,111
968,11881.020000000004,157,34,1,1,1,111
1228,16732.829999999994,469,9,1,1,1,111
1590,9007.160000000003,138,3,1,1,1,111
1856,5420.39,327,16,1,1,1,111
1163,5618.100000000002,137,15,1,1,1,111
926,8267.719999999996,206,4,1,1,1,111
575,13469.84000000001,286,3,1,1,1,111
1579,14931.85999999999,413,13,1,1,1,111
560,8275.259999999997,258,14,1,1,1,111
425,6961.789999999995,135,28,1,1,1,111
1599,7238.61,154,24,1,1,1,111
105,5905.99,130,7,1,1,1,111
934,14108.550000000001,149,34,1,1,1,111
932,6687.039999999999,133,7,1,1,1,111
1172,5173.750000000001,145,0,1,1,1,111
568,9905.050000000001,141,3,1,1,1,111
287,3742.0399999999972,220,5,1,1,2,112
1369,3523.969999999999,136,18,1,1,2,112
1258,4225.4800000000005,212,5,1,1,2,112
567,3745.4300000000007,218,32,1,1,2,112
64,4480.709999999997,208,9,1,1,2,112
603,3832.4199999999996,129,29,1,1,2,112
98,3073.420000000001,157,0,1,1,2,112
210,4717.88,128,17,1,1,2,112
307,3119.8899999999962,340,35,1,1,2,112
305,4452.149999999999,125,29,1,1,2,112
710,4406.429999999998,187,23,1,1,2,112
1558,4919.1100000000015,135,3,1,1,2,112
1364,2908.039999999998,138,0,1,1,2,112
583,3562.4199999999973,134,32,1,1,2,112
1467,3462.9500000000003,363,9,1,1,2,112
1128,3443.529999999998,176,13,1,1,2,112
1914,4363.16,141,34,1,1,2,112
451,2709.0599999999995,141,9,1,1,2,112
996,2690.9300000000007,126,13,1,1,2,112
1151,3229.549999999998,136,35,1,1,2,112
157,3179.0299999999984,145,25,1,1,2,112
335,3061.179999999999,129,26,1,1,2,112
957,4451.189999999999,376,29,1,1,2,112
142,2720.2600000000016,175,17,1,1,2,112
1730,3551.2500000000055,131,33,1,1,2,112
432,3962.4699999999993,220,2,1,1,2,112
947,2608.309999999998,199,8,1,1,2,112
1317,4863.23,174,19,1,1,2,112
654,2837.8699999999994,133,33,1,1,2,112
1916,3419.2899999999995,126,0,1,1,2,112
1117,4139.679999999999,155,18,1,1,2,112
1284,2378.3199999999997,135,9,1,1,3,113
609,2024.26,141,25,1,1,3,113
1549,2382.64,152,5,1,1,3,113
1289,1726.7900000000004,385,2,1,1,3,113
1082,2568.140000000001,128,19,1,1,3,113
1695,1447.0000000000005,140,27,1,1,3,113
1018,2438.1300000000006,142,35,1,1,3,113
1954,2232.340000000001,129,26,1,1,3,113
470,2458.820000000001,148,10,1,1,3,113
17,6249.190000000002,101,23,1,2,1,121
888,10000.219999999998,77,11,1,2,1,121
1955,8826.279999999999,118,14,1,2,1,121
669,10136.07,113,24,1,2,1,121
866,6817.629999999999,109,29,1,2,1,121
864,9225.909999999996,105,20,1,2,1,121
77,7487.379999999999,86,4,1,2,1,121
22,7060.719999999998,119,24,1,2,1,121
301,8423.019999999997,77,25,1,2,1,121
674,5542.9,108,32,1,2,1,121
807,5072.090000000002,99,25,1,2,1,121
1828,6438.459999999998,75,2,1,2,1,121
1821,5669.389999999999,113,29,1,2,1,121
46,9956.879999999997,117,13,1,2,1,121
134,6748.8799999999965,76,34,1,2,1,121
409,5841.820000000001,121,21,1,2,1,121
997,5092.960000000001,86,32,1,2,1,121
1483,5629.389999999999,98,4,1,2,1,121
1378,7928.78,116,34,1,2,1,121
256,10877.150000000001,115,32,1,2,1,121
1591,5643.509999999999,93,23,1,2,1,121
437,6868.679999999999,77,8,1,2,1,121
193,5395.460000000004,100,31,1,2,1,121
1437,6014.630000000004,89,19,1,2,1,121
1094,7018.96,85,18,1,2,1,121
490,5174.169999999999,71,33,1,2,1,121
1353,5074.740000000001,124,16,1,2,1,121
1634,5544.899999999997,78,35,1,2,1,121
1110,6805.009999999997,124,11,1,2,1,121
332,6711.499999999999,109,6,1,2,1,121
367,9529.78,98,29,1,2,1,121
456,7207.639999999997,92,22,1,2,1,121
1263,5996.510000000005,111,17,1,2,1,121
1692,2700.9400000000014,123,17,1,2,2,122
1412,4682.3,75,8,1,2,2,122
1729,3429.4,78,33,1,2,2,122
484,3466.179999999999,111,31,1,2,2,122
483,3529.770000000001,89,30,1,2,2,122
1689,3343.9600000000005,111,8,1,2,2,122
308,2693.76,76,13,1,2,2,122
480,4401.570000000001,78,1,1,2,2,122
1131,3665.7700000000004,92,17,1,2,2,122
1745,3111.550000000001,121,5,1,2,2,122
14,3351.17,98,3,1,2,2,122
467,3178.0299999999984,119,7,1,2,2,122
293,4698.91,90,2,1,2,2,122
1102,2932.5099999999993,76,12,1,2,2,122
1382,3697.4900000000002,111,25,1,2,2,122
25,3677.0900000000006,86,10,1,2,2,122
1622,4802.130000000001,91,32,1,2,2,122
1001,4544.549999999999,79,15,1,2,2,122
1642,2633.089999999999,117,24,1,2,2,122
122,3035.639999999999,115,2,1,2,2,122
1772,2846.6099999999997,87,28,1,2,2,122
280,2999.929999999999,91,10,1,2,2,122
1463,4170.360000000001,120,27,1,2,2,122
51,3398.5499999999997,78,13,1,2,2,122
985,2580.86,97,1,1,2,2,122
953,3056.79,99,20,1,2,2,122
117,3112.2200000000007,89,29,1,2,2,122
114,3845.75,87,6,1,2,2,122
319,4587.1799999999985,92,23,1,2,2,122
1617,4774.25,75,1,1,2,2,122
960,2669.1400000000003,99,32,1,2,2,122
1794,4057.880000000002,74,11,1,2,2,122
362,3399.770000000002,90,12,1,2,2,122
946,3070.489999999999,117,22,1,2,2,122
1356,2649.789999999999,82,11,1,2,2,122
251,2747.0299999999997,73,25,1,2,2,122
223,3220.0699999999993,100,10,1,2,2,122
1723,4726.539999999998,78,5,1,2,2,122
401,3033.690000000001,85,6,1,2,2,122
924,2621.7,94,2,1,2,2,122
93,3942.870000000001,101,7,1,2,2,122
364,3095.9900000000002,81,3,1,2,2,122
918,3645.69,110,12,1,2,2,122
132,3372.2799999999997,92,35,1,2,2,122
216,2923.879999999999,108,2,1,2,2,122
405,4451.110000000002,92,32,1,2,2,122
1928,2916.4100000000008,111,31,1,2,2,122
590,4019.1699999999987,118,29,1,2,2,122
212,3504.8099999999986,104,0,1,2,2,122
1833,3826.6099999999997,78,15,1,2,2,122
816,3926.0399999999986,95,19,1,2,2,122
778,2783.3399999999997,88,4,1,2,2,122
637,3179.4199999999996,95,29,1,2,2,122
1300,3504.8200000000006,73,30,1,2,2,122
273,2789.68,110,16,1,2,2,122
706,4780.140000000001,121,19,1,2,2,122
562,3778.750000000001,75,33,1,2,2,122
74,2912.4700000000007,121,32,1,2,2,122
614,3374.9699999999993,118,4,1,2,2,122
381,3569.13,84,4,1,2,2,122
414,2930.4700000000007,110,26,1,2,2,122
1548,4607.24,103,32,1,2,2,122
1330,2701.499999999999,80,35,1,2,2,122
1287,3301.4800000000014,99,0,1,2,2,122
784,3518.55,111,17,1,2,2,122
1291,3875.07,100,27,1,2,2,122
1297,2964.600000000001,124,24,1,2,2,122
350,3366.4900000000002,92,20,1,2,2,122
420,2463.0899999999997,85,25,1,2,3,123
410,1597.5600000000002,124,16,1,2,3,123
907,2431.9999999999986,84,5,1,2,3,123
1683,2196.3499999999995,81,23,1,2,3,123
536,2000.6300000000006,76,6,1,2,3,123
1861,2297.6799999999985,99,6,1,2,3,123
1905,2019.1000000000004,74,10,1,2,3,123
178,2339.149999999999,105,24,1,2,3,123
1542,2317.03,105,23,1,2,3,123
1241,2419.38,75,5,1,2,3,123
863,2499.6599999999994,98,34,1,2,3,123
65,2271.3900000000003,97,35,1,2,3,123
1808,2068.4300000000007,87,26,1,2,3,123
1569,1616.7100000000003,90,13,1,2,3,123
544,1898.8099999999995,89,23,1,2,3,123
1978,1643.31,83,30,1,2,3,123
183,1758.38,110,11,1,2,3,123
698,1380.33,106,4,1,2,3,123
281,1884.9999999999995,79,16,1,2,3,123
271,1605.3899999999999,86,1,1,2,3,123
986,2270.6800000000003,84,30,1,2,3,123
1961,1925.6899999999996,78,32,1,2,3,123
684,2334.4199999999996,97,35,1,2,3,123
650,1809.6900000000003,71,5,1,2,3,123
1492,1474.6900000000005,89,16,1,2,3,123
1512,1897.4200000000003,74,23,1,2,3,123
730,1295.6500000000008,91,17,1,2,3,123
1266,2196.2799999999997,106,16,1,2,3,123
1301,1675.3099999999997,71,33,1,2,3,123
1133,1621.5700000000004,97,29,1,2,3,123
1331,2137.109999999999,97,18,1,2,3,123
1887,1084.5500000000002,84,32,1,2,4,124
1351,710.9400000000006,81,0,1,2,4,124
39,5845.869999999998,56,25,1,3,1,131
248,8036.999999999997,53,28,1,3,1,131
1060,6998.829999999998,62,0,1,3,1,131
317,7023.08,59,33,1,3,1,131
1065,6274.509999999999,48,35,1,3,1,131
1238,6042.740000000001,46,2,1,3,1,131
1899,13152.500000000004,66,19,1,3,1,131
1929,5167.490000000001,57,3,1,3,1,131
1186,6676.549999999998,70,30,1,3,1,131
1056,5667.750000000001,53,20,1,3,1,131
843,3069.1500000000005,59,24,1,3,2,132
687,3946.6999999999985,60,5,1,3,2,132
1067,4466.54,58,32,1,3,2,132
708,3244.44,60,15,1,3,2,132
1939,4468.15,68,18,1,3,2,132
1559,3015.5400000000004,53,14,1,3,2,132
1316,4323.54,53,5,1,3,2,132
1544,2781.2500000000005,48,19,1,3,2,132
1932,3025.879999999999,66,31,1,3,2,132
162,3339.5299999999997,66,24,1,3,2,132
1946,3910.0499999999997,48,23,1,3,2,132
7,3882.560000000001,59,22,1,3,2,132
385,3473.189999999999,37,35,1,3,2,132
1426,2681.13,62,6,1,3,2,132
1080,2665.1800000000003,50,19,1,3,2,132
799,2810.829999999999,58,29,1,3,2,132
1017,4005.240000000002,60,28,1,3,2,132
1003,3182.7,47,27,1,3,2,132
700,3544.87,35,13,1,3,2,132
691,2888.919999999999,53,33,1,3,2,132
1123,4538.089999999999,65,3,1,3,2,132
1116,3352.270000000001,51,2,1,3,2,132
736,3446.5500000000006,57,25,1,3,2,132
987,2786.1599999999994,69,29,1,3,2,132
1145,4692.699999999999,60,9,1,3,2,132
753,2766.439999999999,47,32,1,3,2,132
604,2602.2000000000003,53,10,1,3,2,132
681,3031.960000000001,66,3,1,3,2,132
1857,2000.9099999999996,67,27,1,3,3,133
1851,1514.2399999999998,39,19,1,3,3,133
1651,2362.46,61,32,1,3,3,133
311,1501.03,46,26,1,3,3,133
1132,2484.03,44,25,1,3,3,133
999,2563.6399999999994,46,6,1,3,3,133
111,1868.7099999999996,47,12,1,3,3,133
1161,1674.3299999999997,56,18,1,3,3,133
1465,1194.5600000000002,53,23,1,3,3,133
887,1383.3999999999999,44,4,1,3,3,133
529,2219.3800000000006,44,5,1,3,3,133
963,2302.7299999999996,40,31,1,3,3,133
175,1337.4699999999996,45,6,1,3,3,133
1758,2465.100000000001,67,19,1,3,3,133
128,1578.1100000000004,35,18,1,3,3,133
1185,1580.82,49,10,1,3,3,133
1967,2072.1599999999994,68,16,1,3,3,133
1616,1480.8200000000002,37,17,1,3,3,133
646,2165.7799999999997,35,16,1,3,3,133
200,1338.8600000000006,59,20,1,3,3,133
1485,2391.7,64,25,1,3,3,133
734,1549.37,67,24,1,3,3,133
1114,1222.0000000000002,40,25,1,3,3,133
1469,1367.8600000000001,39,22,1,3,3,133
427,1192.32,51,8,1,3,3,133
1793,2269.7200000000003,52,20,1,3,3,133
737,1873.58,49,26,1,3,3,133
1466,1157.8400000000001,35,4,1,3,3,133
1957,2296.91,43,32,1,3,3,133
1672,2019.6199999999997,63,30,1,3,3,133
965,2174.5099999999998,45,5,1,3,3,133
1502,2477.6599999999994,46,29,1,3,3,133
1136,2421.5499999999997,56,14,1,3,3,133
96,1351.4900000000002,49,20,1,3,3,133
760,2088.749999999999,67,35,1,3,3,133
1877,2401.76,58,32,1,3,3,133
1195,1444.04,36,35,1,3,3,133
1019,1816.93,40,11,1,3,3,133
259,1277.88,54,10,1,3,3,133
29,1641.2300000000005,59,33,1,3,3,133
812,1364.14,68,29,1,3,3,133
1933,2558.7200000000003,66,35,1,3,3,133
1345,1541.6200000000003,54,2,1,3,3,133
1809,1848.58,55,18,1,3,3,133
759,1349.25,41,27,1,3,3,133
481,2477.54,46,31,1,3,3,133
35,1272.87,48,20,1,3,3,133
1780,1613.3300000000006,40,25,1,3,3,133
862,2066.7400000000007,58,35,1,3,3,133
343,1878.3,65,3,1,3,3,133
1784,2316.62,39,27,1,3,3,133
368,1583.9799999999998,51,20,1,3,3,133
1818,1550.46,59,14,1,3,3,133
927,1999.93,41,32,1,3,3,133
913,2112.5699999999993,68,21,1,3,3,133
1252,1653.43,44,34,1,3,3,133
245,1799.08,44,4,1,3,3,133
1738,2016.77,58,23,1,3,3,133
655,2373.4000000000005,46,17,1,3,3,133
226,1480.4999999999995,42,15,1,3,3,133
229,1336.1999999999998,38,35,1,3,3,133
803,2400.48,64,19,1,3,3,133
1083,1749.7899999999997,48,8,1,3,3,133
394,1720.4900000000002,65,33,1,3,3,133
187,868.2400000000001,49,35,1,3,4,134
15,1131.1200000000001,48,21,1,3,4,134
1371,1038.8500000000004,40,5,1,3,4,134
551,1093.41,49,11,1,3,4,134
1715,1113.02,51,21,1,3,4,134
796,651.04,49,7,1,3,4,134
521,964.6400000000002,50,21,1,3,4,134
1447,675.4999999999999,36,35,1,3,4,134
673,828.7299999999999,43,20,1,3,4,134
665,798.5899999999998,38,31,1,3,4,134
246,989.1099999999999,45,29,1,3,4,134
254,511.7899999999999,42,16,1,3,4,134
1760,623.2300000000002,49,15,1,3,4,134
1913,1107.3100000000002,42,2,1,3,4,134
1125,800.6600000000002,65,20,1,3,4,134
433,1050.51,68,11,1,3,4,134
1213,705.31,42,30,1,3,4,134
1135,882.5600000000003,58,28,1,3,4,134
448,543.5999999999999,42,28,1,3,4,134
1827,807.6400000000001,37,13,1,3,4,134
1096,669.3,41,5,1,3,4,134
1652,1085.23,37,5,1,3,4,134
1843,871.39,37,1,1,3,4,134
1106,822.6500000000001,37,26,1,3,4,134
1201,640.83,37,35,1,3,4,134
1704,477.46999999999997,35,6,1,3,4,134
593,763.3799999999998,54,2,1,3,4,134
884,747.84,52,13,1,3,4,134
168,571.92,36,21,1,3,4,134
585,1086.7999999999997,40,3,1,3,4,134
100,2682.89,28,5,1,4,2,142
309,2789.9800000000005,21,32,1,4,2,142
474,2692.7300000000005,30,3,1,4,2,142
1016,3401.2000000000007,33,2,1,4,2,142
314,3466.7599999999998,34,10,1,4,2,142
1746,2592.2599999999998,32,22,1,4,2,142
182,1434.7300000000005,34,28,1,4,3,143
1601,1480.6599999999999,21,6,1,4,3,143
617,1546.63,27,19,1,4,3,143
1733,1649.49,31,7,1,4,3,143
628,1298.91,18,19,1,4,3,143
1713,1918.1599999999999,33,18,1,4,3,143
719,1397.4,34,19,1,4,3,143
1037,1163.77,31,20,1,4,3,143
1372,1572.39,25,18,1,4,3,143
340,1269.7300000000002,23,7,1,4,3,143
571,1235.7200000000003,14,29,1,4,3,143
1554,1138.57,34,20,1,4,3,143
813,2313.94,31,18,1,4,3,143
476,1791.5600000000004,28,31,1,4,3,143
1438,2330.140000000001,34,9,1,4,3,143
1355,682.54,11,24,1,4,4,144
1910,826.78,25,21,1,4,4,144
1365,145.62000000000003,7,32,1,4,4,144
751,629.4000000000001,23,29,1,4,4,144
347,591.99,12,2,1,4,4,144
1878,735.0,24,7,1,4,4,144
1951,645.9300000000001,14,26,1,4,4,144
277,1006.0400000000001,26,35,1,4,4,144
711,497.70000000000005,33,29,1,4,4,144
1320,462.65000000000003,14,31,1,4,4,144
1377,864.17,34,2,1,4,4,144
1380,399.7200000000001,25,8,1,4,4,144
315,214.29000000000002,10,2,1,4,4,144
1441,461.76,13,19,1,4,4,144
1432,467.71000000000004,9,9,1,4,4,144
626,777.9300000000001,22,11,1,4,4,144
1934,679.0299999999999,15,26,1,4,4,144
255,830.73,18,1,1,4,4,144
1455,958.3199999999999,12,17,1,4,4,144
874,252.37000000000003,5,24,1,4,4,144
613,455.81,8,17,1,4,4,144
1202,703.93,24,29,1,4,4,144
1553,155.43,10,16,1,4,4,144
1144,197.34999999999997,23,17,1,4,4,144
827,386.81,19,3,1,4,4,144
1232,648.13,19,31,1,4,4,144
1576,624.71,18,14,1,4,4,144
826,225.15,25,23,1,4,4,144
54,121.62,11,33,1,4,4,144
1184,862.2400000000001,12,9,1,4,4,144
70,87.11,32,7,1,4,4,144
635,501.70000000000005,31,32,1,4,4,144
1863,522.96,12,11,1,4,4,144
851,200.85999999999999,21,8,1,4,4,144
1220,958.1300000000001,26,12,1,4,4,144
1886,461.75000000000006,26,13,1,4,4,144
1868,952.56,32,31,1,4,4,144
629,441.49000000000007,26,13,1,4,4,144
616,640.0600000000001,9,28,1,4,4,144
1173,721.2800000000001,32,0,1,4,4,144
191,701.1500000000001,27,22,1,4,4,144
240,504.8399999999999,27,1,1,4,4,144
1361,708.9000000000001,11,11,1,4,4,144
1629,670.24,9,2,1,4,4,144
592,815.8299999999999,32,29,1,4,4,144
1679,327.88000000000005,33,29,1,4,4,144
905,950.0200000000002,29,16,1,4,4,144
1107,1100.6399999999999,21,8,1,4,4,144
509,296.54999999999995,16,28,1,4,4,144
1059,84.43,4,33,1,4,4,144
146,1057.28,34,26,1,4,4,144
1095,641.9100000000001,29,18,1,4,4,144
951,768.0,17,17,1,4,4,144
1714,314.39,9,35,1,4,4,144
1026,545.37,24,6,1,4,4,144
1656,505.90000000000003,10,28,1,4,4,144
1757,304.15000000000003,8,33,1,4,4,144
1669,347.01,9,26,1,4,4,144
1771,578.97,11,24,1,4,4,144
130,567.35,19,25,1,4,4,144
994,685.5399999999998,20,18,1,4,4,144
1655,601.85,23,7,1,4,4,144
1670,107.76,17,21,1,4,4,144
904,1022.1099999999999,30,22,1,4,4,144
528,413.83,15,4,1,4,4,144
556,804.9000000000001,15,27,1,4,4,144
1028,137.01,12,33,1,4,4,144
659,898.01,31,13,1,4,4,144
789,435.74,25,7,1,4,4,144
238,782.5999999999998,26,28,1,4,4,144
1292,599.86,26,12,1,4,4,144
34,477.22,34,3,1,4,4,144
372,543.04,9,7,1,4,4,144
783,511.62999999999994,16,26,1,4,4,144
773,1001.4499999999999,19,16,1,4,4,144
791,368.0,19,7,1,4,4,144
359,202.53000000000003,2,33,1,4,4,144
1308,380.2099999999999,23,12,1,4,4,144
1789,318.61,21,10,1,4,4,144
902,140.54999999999998,10,24,1,4,4,144
500,91.6,4,17,1,4,4,144
519,1038.74,32,6,1,4,4,144
231,433.1,8,28,1,4,4,144
1551,918.1399999999999,18,8,1,4,4,144
1309,186.14,6,16,1,4,4,144
504,674.49,7,29,1,4,4,144
378,5353.099999999995,294,60,2,1,1,211
468,6724.37,257,53,2,1,1,211
1620,11559.300000000001,269,67,2,1,1,211
1167,7591.459999999995,136,59,2,1,1,211
196,6521.03,162,67,2,1,1,211
1178,6366.440000000005,194,38,2,1,1,211
1206,7446.240000000002,279,48,2,1,1,211
1205,5462.609999999997,135,42,2,1,1,211
1193,5810.400000000002,169,47,2,1,1,211
1197,8955.289999999999,133,49,2,1,1,211
982,21186.91000000001,300,65,2,1,1,211
1211,10003.279999999992,138,53,2,1,1,211
1274,13558.049999999997,250,54,2,1,1,211
1098,11244.580000000002,281,49,2,1,1,211
149,13179.809999999989,162,41,2,1,1,211
1097,9935.480000000007,127,39,2,1,1,211
469,8938.609999999999,138,45,2,1,1,211
1752,8075.230000000003,145,55,2,1,1,211
1509,7141.359999999995,181,57,2,1,1,211
1419,9748.179999999997,388,67,2,1,1,211
413,6519.789999999995,222,36,2,1,1,211
371,18432.119999999988,154,61,2,1,1,211
1299,7459.800000000001,135,45,2,1,1,211
1040,6503.780000000002,223,47,2,1,1,211
243,8905.7,207,58,2,1,1,211
376,5353.399999999996,397,61,2,1,1,211
1536,7958.609999999998,144,46,2,1,1,211
1396,9153.11,196,57,2,1,1,211
1528,9714.950000000006,200,53,2,1,1,211
1057,8995.199999999995,175,53,2,1,1,211
1754,5533.920000000004,175,37,2,1,1,211
1349,6712.300000000002,175,41,2,1,1,211
1489,21188.760000000013,371,64,2,1,1,211
328,19236.539999999994,198,65,2,1,1,211
989,5631.54,148,45,2,1,1,211
1770,10093.49,310,48,2,1,1,211
1314,15853.350000000015,312,46,2,1,1,211
208,5442.91,129,48,2,1,1,211
1142,17040.579999999994,237,39,2,1,1,211
219,13349.489999999998,205,59,2,1,1,211
800,12205.239999999998,379,58,2,1,1,211
920,6958.4000000000015,177,48,2,1,1,211
581,6310.450000000002,129,49,2,1,1,211
1937,7824.8600000000015,134,38,2,1,1,211
909,14428.609999999993,335,66,2,1,1,211
714,5527.139999999999,234,51,2,1,1,211
1854,8435.269999999999,225,43,2,1,1,211
1923,5303.109999999998,141,50,2,1,1,211
883,11388.870000000006,259,38,2,1,1,211
900,17920.600000000013,521,61,2,1,1,211
728,12284.609999999995,320,41,2,1,1,211
1985,9798.890000000009,141,40,2,1,1,211
889,14786.629999999994,187,36,2,1,1,211
709,7071.989999999998,147,45,2,1,1,211
115,14892.390000000012,165,38,2,1,1,211
1585,10338.100000000004,134,67,2,1,1,211
1975,19173.870000000006,285,45,2,1,1,211
586,6687.830000000001,175,51,2,1,1,211
956,11387.000000000002,418,50,2,1,1,211
906,8422.349999999997,290,51,2,1,1,211
1248,10323.48,140,49,2,1,1,211
386,5891.149999999995,199,38,2,1,1,211
1726,8987.94,138,51,2,1,1,211
1609,30290.879999999994,327,41,2,1,1,211
1393,6690.100000000003,189,54,2,1,1,211
831,10245.440000000002,152,66,2,1,1,211
1245,5151.099999999999,212,68,2,1,1,211
636,11302.810000000001,204,66,2,1,1,211
600,6885.58,128,54,2,1,1,211
853,14040.729999999989,451,64,2,1,1,211
591,15731.48,257,50,2,1,1,211
936,8598.719999999998,299,65,2,1,1,211
1901,13235.660000000007,315,60,2,1,1,211
788,9535.869999999995,182,62,2,1,1,211
97,6306.440000000005,164,42,2,1,1,211
1845,14140.390000000001,144,49,2,1,1,211
745,7547.219999999997,178,62,2,1,1,211
820,5333.6900000000005,162,65,2,1,1,211
165,4010.91,150,46,2,1,2,212
1084,2685.889999999999,162,51,2,1,2,212
595,2934.2599999999998,128,67,2,1,2,212
1058,3837.139999999998,366,62,2,1,2,212
464,4792.69,141,64,2,1,2,212
598,3882.9100000000017,165,59,2,1,2,212
1816,4463.430000000001,140,64,2,1,2,212
1046,4801.409999999996,140,50,2,1,2,212
110,4057.079999999998,151,66,2,1,2,212
1806,4715.360000000001,128,46,2,1,2,212
1014,4859.550000000002,136,62,2,1,2,212
983,4644.760000000001,170,63,2,1,2,212
576,4253.020000000004,138,46,2,1,2,212
1011,3885.1399999999994,134,42,2,1,2,212
1849,3418.8999999999996,147,44,2,1,2,212
91,3202.650000000001,151,55,2,1,2,212
1261,4392.689999999999,180,47,2,1,2,212
1824,3951.9699999999993,147,65,2,1,2,212
73,3106.9199999999973,132,58,2,1,2,212
1998,2977.6999999999994,304,65,2,1,2,212
1402,2569.1299999999983,156,60,2,1,2,212
1190,3876.4899999999957,205,64,2,1,2,212
607,4312.239999999999,159,45,2,1,2,212
955,4731.190000000001,197,57,2,1,2,212
57,3606.2300000000005,156,51,2,1,2,212
1872,4239.360000000001,132,48,2,1,2,212
393,4755.239999999998,152,56,2,1,2,212
1506,2832.84,125,45,2,1,2,212
258,3285.4999999999986,189,42,2,1,2,212
1550,3012.6799999999957,221,54,2,1,2,212
1545,4616.24,160,65,2,1,2,212
1000,4695.600000000001,127,48,2,1,2,212
715,4862.579999999996,134,42,2,1,2,212
1452,2114.7400000000002,267,53,2,1,3,213
1547,2456.1199999999985,225,44,2,1,3,213
1705,2151.17,148,36,2,1,3,213
227,2087.209999999999,130,54,2,1,3,213
1338,2148.2000000000016,142,53,2,1,3,213
55,1267.13,135,66,2,1,3,213
215,1981.3199999999995,127,61,2,1,3,213
1580,2175.9600000000005,155,50,2,1,3,213
1139,8207.250000000002,86,54,2,2,1,221
896,6759.550000000002,103,50,2,2,1,221
8,6613.269999999998,103,64,2,2,1,221
1648,6347.010000000003,95,59,2,2,1,221
1613,7616.960000000002,122,38,2,2,1,221
1675,6329.800000000001,96,57,2,2,1,221
195,5301.709999999999,72,46,2,2,1,221
727,5873.48,98,63,2,2,1,221
1160,5387.969999999999,113,67,2,2,1,221
491,5371.039999999999,100,66,2,2,1,221
283,6905.6900000000005,73,39,2,2,1,221
472,9610.320000000005,81,47,2,2,1,221
1385,6826.580000000003,92,60,2,2,1,221
1336,8282.289999999999,116,43,2,2,1,221
699,11570.45,124,59,2,2,1,221
1607,6306.479999999997,121,61,2,2,1,221
976,6833.609999999998,76,67,2,2,1,221
1595,6279.929999999999,122,44,2,2,1,221
893,5295.8399999999965,97,57,2,2,1,221
601,6009.800000000001,72,41,2,2,1,221
1312,5814.439999999998,114,61,2,2,1,221
49,7898.58,108,60,2,2,1,221
321,7112.700000000002,101,59,2,2,1,221
647,7581.949999999998,109,61,2,2,1,221
324,9409.869999999997,115,47,2,2,1,221
1459,5455.899999999999,72,66,2,2,1,221
1959,6688.699999999999,90,68,2,2,1,221
300,5857.8499999999985,95,68,2,2,1,221
569,7239.909999999999,98,66,2,2,1,221
656,5954.97,89,52,2,2,1,221
806,6812.549999999998,104,48,2,2,1,221
1264,7433.52,118,48,2,2,1,221
222,6575.93,117,44,2,2,1,221
1246,6076.319999999995,92,37,2,2,1,221
81,6695.940000000001,119,47,2,2,1,221
605,6693.5099999999975,111,48,2,2,1,221
80,3848.5999999999995,85,52,2,2,2,222
1,5027.199999999998,79,50,2,2,2,222
1783,4776.089999999999,82,47,2,2,2,222
1919,5040.609999999997,73,48,2,2,2,222
1328,3009.0499999999997,72,59,2,2,2,222
1800,4112.6900000000005,75,53,2,2,2,222
1747,3683.7499999999995,78,44,2,2,2,222
943,4126.420000000001,97,52,2,2,2,222
1931,2849.7,85,59,2,2,2,222
1537,3287.6800000000007,107,50,2,2,2,222
1925,3279.1499999999996,105,63,2,2,2,222
672,3529.099999999998,111,66,2,2,2,222
1515,4774.360000000001,91,50,2,2,2,222
32,3771.8000000000015,106,48,2,2,2,222
542,2855.06,114,55,2,2,2,222
597,4490.0,94,39,2,2,2,222
520,2673.119999999999,102,63,2,2,2,222
428,4065.22,93,67,2,2,2,222
606,3788.1300000000006,88,38,2,2,2,222
205,4241.169999999998,83,64,2,2,2,222
71,3906.41,85,62,2,2,2,222
282,4723.469999999999,93,60,2,2,2,222
543,4172.91,96,66,2,2,2,222
220,3029.220000000002,74,37,2,2,2,222
192,4330.359999999999,93,45,2,2,2,222
640,2783.38,81,61,2,2,2,222
166,3434.039999999999,119,54,2,2,2,222
928,4099.349999999998,117,58,2,2,2,222
596,3341.490000000001,104,52,2,2,2,222
1922,3415.869999999999,102,58,2,2,2,222
257,3379.620000000001,95,56,2,2,2,222
923,3928.8800000000015,98,44,2,2,2,222
1269,3106.0499999999993,86,68,2,2,2,222
1468,4614.049999999998,77,41,2,2,2,222
971,4137.860000000001,119,49,2,2,2,222
1350,3132.8899999999994,94,45,2,2,2,222
1012,2753.2999999999997,99,58,2,2,2,222
1940,2745.0199999999995,71,41,2,2,2,222
1968,2939.0500000000006,79,65,2,2,2,222
1779,4587.219999999998,98,36,2,2,2,222
1347,3747.9199999999996,109,62,2,2,2,222
1996,2987.7400000000007,110,40,2,2,2,222
1357,4045.5399999999995,82,58,2,2,2,222
1418,3086.0099999999998,77,50,2,2,2,222
1627,3992.3300000000013,91,61,2,2,2,222
1031,4565.620000000001,123,68,2,2,2,222
1015,4540.3499999999985,103,45,2,2,2,222
1157,3099.3,89,39,2,2,2,222
1154,4597.359999999999,122,65,2,2,2,222
922,3678.6799999999994,121,39,2,2,2,222
752,4371.32,100,57,2,2,2,222
1089,2826.9699999999993,81,43,2,2,2,222
841,3074.79,99,64,2,2,2,222
1836,3277.6399999999976,86,61,2,2,2,222
1709,2615.2000000000003,76,68,2,2,2,222
1104,3826.569999999999,112,45,2,2,2,222
1109,3529.3199999999997,82,67,2,2,2,222
1883,2955.509999999999,100,40,2,2,2,222
1181,2648.709999999999,79,45,2,2,2,222
1164,5000.69,97,37,2,2,2,222
1681,3022.1000000000013,81,60,2,2,2,222
785,2308.47,95,41,2,2,3,223
318,1415.7200000000005,73,67,2,2,3,223
462,1778.35,92,49,2,2,3,223
447,1988.7400000000002,115,47,2,2,3,223
140,2061.8400000000006,98,37,2,2,3,223
1555,1771.7100000000005,76,59,2,2,3,223
1979,1404.2300000000007,94,40,2,2,3,223
720,1787.8799999999997,81,46,2,2,3,223
26,2259.0299999999993,101,49,2,2,3,223
1973,1838.68,94,55,2,2,3,223
1508,2355.859999999999,78,43,2,2,3,223
1532,2204.4599999999996,75,51,2,2,3,223
869,1667.83,115,63,2,2,3,223
1192,1724.93,77,61,2,2,3,223
580,1506.4900000000002,91,41,2,2,3,223
83,1367.6600000000003,96,39,2,2,3,223
1665,2065.3199999999993,92,46,2,2,3,223
1685,1789.9299999999994,84,43,2,2,3,223
1137,2401.5299999999997,123,60,2,2,3,223
1304,1155.3500000000004,82,59,2,2,3,223
1088,1882.1899999999998,88,41,2,2,3,223
1048,2166.2500000000005,89,59,2,2,3,223
1055,1441.0999999999997,77,54,2,2,3,223
1717,2430.0399999999995,85,58,2,2,3,223
278,2412.8199999999983,81,44,2,2,3,223
850,1474.72,90,41,2,2,3,223
648,2131.0399999999995,71,57,2,2,3,223
1785,1961.0300000000002,73,68,2,2,3,223
1359,1416.64,71,60,2,2,3,223
1182,2261.6399999999994,96,46,2,2,3,223
172,1933.1799999999994,103,66,2,2,3,223
116,909.9799999999999,80,44,2,2,4,224
925,561.73,72,43,2,2,4,224
1805,826.3900000000001,73,68,2,2,4,224
1980,5296.8499999999985,50,45,2,3,1,231
533,3306.5699999999997,58,52,2,3,2,232
903,3343.1000000000004,70,63,2,3,2,232
119,2802.629999999999,58,59,2,3,2,232
1756,3851.2599999999993,57,58,2,3,2,232
217,2999.87,55,57,2,3,2,232
185,2749.0100000000007,55,38,2,3,2,232
933,2621.7399999999993,53,54,2,3,2,232
495,4116.259999999999,66,60,2,3,2,232
563,2896.0300000000007,59,63,2,3,2,232
1660,2595.809999999999,52,58,2,3,2,232
885,3110.239999999999,70,66,2,3,2,232
538,4934.93,65,53,2,3,2,232
697,3147.980000000001,54,60,2,3,2,232
1025,4312.590000000001,59,44,2,3,2,232
1460,2815.7299999999996,53,68,2,3,2,232
776,3916.359999999999,67,41,2,3,2,232
552,2968.54,39,51,2,3,2,232
1069,4116.529999999999,52,68,2,3,2,232
954,3414.6499999999996,49,58,2,3,2,232
1731,4401.099999999999,69,62,2,3,2,232
1121,3154.3400000000006,58,49,2,3,2,232
748,3439.1700000000005,65,61,2,3,2,232
1410,3082.28,38,36,2,3,2,232
1405,2877.6499999999996,52,67,2,3,2,232
1420,4759.340000000001,70,46,2,3,2,232
1051,2585.5200000000004,46,65,2,3,2,232
1427,3214.1599999999994,69,51,2,3,2,232
86,4535.82,36,67,2,3,2,232
1680,2606.6899999999996,51,67,2,3,2,232
112,1427.92,70,41,2,3,3,233
475,1794.3700000000003,40,39,2,3,3,233
769,1843.6599999999996,44,45,2,3,3,233
24,2353.7500000000005,68,58,2,3,3,233
1787,1383.6300000000003,53,38,2,3,3,233
802,2411.32,59,53,2,3,3,233
1295,1960.240000000001,62,49,2,3,3,233
1153,1428.77,53,59,2,3,3,233
59,2054.1299999999997,38,66,2,3,3,233
798,1916.7,50,41,2,3,3,233
735,1181.2900000000002,70,56,2,3,3,233
795,1537.1000000000001,39,40,2,3,3,233
459,1285.35,67,38,2,3,3,233
1332,2333.71,58,54,2,3,3,233
1319,1420.67,44,38,2,3,3,233
402,2528.26,70,61,2,3,3,233
1956,2524.920000000001,57,41,2,3,3,233
333,1619.5300000000002,35,48,2,3,3,233
403,1159.2699999999998,46,39,2,3,3,233
471,1897.7699999999995,43,56,2,3,3,233
1225,1655.7000000000003,66,44,2,3,3,233
1970,1312.8700000000001,59,66,2,3,3,233
1825,2191.92,38,61,2,3,3,233
1115,1978.52,42,48,2,3,3,233
642,2457.15,60,39,2,3,3,233
1994,1286.46,42,46,2,3,3,233
1124,2356.9700000000003,62,42,2,3,3,233
1288,2262.6900000000005,45,56,2,3,3,233
236,2027.15,46,48,2,3,3,233
84,1358.94,48,44,2,3,3,233
1027,1267.5000000000002,37,53,2,3,3,233
177,1347.32,46,50,2,3,3,233
224,2109.270000000001,52,47,2,3,3,233
244,1947.7299999999998,41,48,2,3,3,233
974,2329.1000000000013,37,67,2,3,3,233
145,1848.2400000000002,52,64,2,3,3,233
1387,2445.8199999999997,61,37,2,3,3,233
1075,1853.34,58,49,2,3,3,233
1404,1464.5600000000002,38,60,2,3,3,233
264,2157.82,59,55,2,3,3,233
1684,1642.2700000000004,46,63,2,3,3,233
530,1643.2700000000002,52,46,2,3,3,233
188,2299.0200000000004,38,59,2,3,3,233
1646,1702.3500000000001,60,48,2,3,3,233
194,2168.2599999999998,67,36,2,3,3,233
316,1236.4099999999999,45,68,2,3,3,233
1600,1158.03,48,39,2,3,3,233
602,2132.5699999999997,39,36,2,3,3,233
507,1790.9699999999998,61,68,2,3,3,233
286,1375.7800000000002,35,64,2,3,3,233
170,2547.79,43,39,2,3,3,233
541,2172.5699999999997,43,50,2,3,3,233
945,2246.7999999999993,48,66,2,3,3,233
875,1852.3700000000003,65,46,2,3,3,233
515,2211.0499999999997,43,62,2,3,3,233
1661,1553.14,43,48,2,3,3,233
152,1916.4500000000005,35,37,2,3,3,233
935,1688.7000000000003,52,40,2,3,3,233
930,1429.3700000000003,42,65,2,3,3,233
539,1578.1699999999998,47,54,2,3,3,233
1895,1092.3000000000002,46,43,2,3,4,234
141,509.5600000000002,48,46,2,3,4,234
1615,1062.09,37,42,2,3,4,234
2000,708.8100000000001,59,49,2,3,4,234
498,1047.71,54,48,2,3,4,234
477,975.9399999999997,57,52,2,3,4,234
1340,583.1500000000001,54,47,2,3,4,234
499,873.24,46,39,2,3,4,234
639,890.4900000000001,66,63,2,3,4,234
1786,439.16000000000014,38,68,2,3,4,234
1373,733.19,39,50,2,3,4,234
124,828.5999999999999,58,61,2,3,4,234
225,845.9300000000002,42,52,2,3,4,234
1799,417.53,51,60,2,3,4,234
550,1049.4899999999998,37,43,2,3,4,234
564,956.81,49,67,2,3,4,234
1564,530.48,35,41,2,3,4,234
1189,1077.4500000000005,50,55,2,3,4,234
1034,943.4900000000004,65,48,2,3,4,234
1654,849.95,38,49,2,3,4,234
822,1081.9300000000003,38,57,2,3,4,234
897,938.08,58,68,2,3,4,234
1908,828.9999999999999,38,64,2,3,4,234
1870,399.36,37,52,2,3,4,234
202,1126.26,35,56,2,3,4,234
1168,941.9300000000002,69,41,2,3,4,234
1513,1095.26,64,55,2,3,4,234
1251,419.47999999999996,49,54,2,3,4,234
395,1106.9900000000005,63,41,2,3,4,234
1571,627.88,42,57,2,3,4,234
1457,3210.47,31,48,2,4,2,242
1519,2833.2400000000002,29,38,2,4,2,242
775,1301.82,31,45,2,4,3,243
167,1383.4199999999998,19,38,2,4,3,243
1013,1134.24,29,50,2,4,3,243
938,1900.2199999999996,26,50,2,4,3,243
1482,1314.53,17,37,2,4,3,243
174,1458.57,27,59,2,4,3,243
1200,1982.8999999999999,29,66,2,4,3,243
894,1260.4799999999998,25,52,2,4,3,243
1667,1212.9599999999996,26,46,2,4,3,243
444,1426.31,31,67,2,4,3,243
861,1515.3899999999999,27,37,2,4,3,243
455,1385.92,19,62,2,4,3,243
107,1396.1999999999998,33,65,2,4,3,243
890,1396.5899999999997,29,67,2,4,3,243
506,1419.07,28,51,2,4,3,243
181,2024.5199999999998,26,44,2,4,3,243
1290,1376.25,28,47,2,4,3,243
416,2564.9299999999994,27,67,2,4,3,243
147,2202.9100000000003,34,63,2,4,3,243
1210,1146.47,32,68,2,4,3,243
1329,1869.6700000000003,29,43,2,4,3,243
828,1339.8299999999997,33,58,2,4,3,243
554,1691.1200000000001,21,52,2,4,3,243
1938,1153.1600000000003,28,64,2,4,3,243
1156,1134.0500000000002,28,51,2,4,3,243
1902,2036.73,19,60,2,4,3,243
1945,1157.83,18,49,2,4,3,243
991,1459.7999999999997,24,43,2,4,3,243
535,1834.8600000000001,30,52,2,4,3,243
1518,1730.2300000000007,28,59,2,4,3,243
634,1813.51,34,64,2,4,3,243
1525,2045.56,30,60,2,4,3,243
561,1681.21,26,50,2,4,3,243
1233,2103.52,28,45,2,4,3,243
1196,2140.9399999999996,27,58,2,4,3,243
729,1390.1099999999997,31,53,2,4,3,243
1958,1197.23,33,59,2,4,3,243
1782,1894.59,33,66,2,4,3,243
980,1603.8000000000002,26,68,2,4,3,243
910,1321.0499999999997,32,56,2,4,3,243
1882,473.19,23,64,2,4,4,244
1880,952.97,31,65,2,4,4,244
76,392.51,15,43,2,4,4,244
1628,627.39,18,65,2,4,4,244
1718,998.3799999999998,34,39,2,4,4,244
62,432.2799999999999,28,65,2,4,4,244
102,358.0,8,47,2,4,4,244
1888,151.94,8,68,2,4,4,244
1262,949.8299999999998,20,43,2,4,4,244
921,122.17,8,55,2,4,4,244
1897,20.56,1,68,2,4,4,244
811,826.48,30,41,2,4,4,244
756,841.36,21,54,2,4,4,244
120,249.07000000000002,17,51,2,4,4,244
1711,825.78,10,65,2,4,4,244
555,624.1699999999998,21,43,2,4,4,244
1855,272.82,11,57,2,4,4,244
579,618.3399999999999,23,60,2,4,4,244
587,306.34000000000003,27,55,2,4,4,244
838,444.52,30,45,2,4,4,244
1647,59.61,12,50,2,4,4,244
1108,350.73,22,68,2,4,4,244
619,206.61,5,57,2,4,4,244
872,189.23000000000002,4,43,2,4,4,244
599,395.03000000000003,5,44,2,4,4,244
169,282.05999999999995,18,66,2,4,4,244
1950,923.2399999999998,27,54,2,4,4,244
1565,545.59,30,60,2,4,4,244
557,834.1899999999999,29,48,2,4,4,244
1904,357.02,27,57,2,4,4,244
832,525.8100000000001,14,50,2,4,4,244
834,1088.7,25,47,2,4,4,244
163,306.93999999999994,11,63,2,4,4,244
207,1116.2700000000002,20,62,2,4,4,244
1674,200.73000000000005,8,59,2,4,4,244
206,463.12,13,59,2,4,4,244
1830,49.629999999999995,1,68,2,4,4,244
899,372.52,11,46,2,4,4,244
1853,298.38000000000005,29,42,2,4,4,244
382,762.91,32,54,2,4,4,244
948,379.33,2,51,2,4,4,244
1006,229.74,10,52,2,4,4,244
1044,519.4499999999999,19,53,2,4,4,244
1444,358.93000000000006,19,39,2,4,4,244
327,273.31000000000006,24,61,2,4,4,244
1477,312.44,15,61,2,4,4,244
1339,472.34,6,51,2,4,4,244
1323,364.04,10,42,2,4,4,244
1214,144.38,7,54,2,4,4,244
1471,560.4099999999999,31,48,2,4,4,244
1105,570.13,6,62,2,4,4,244
488,455.23,17,68,2,4,4,244
1230,283.70000000000005,20,62,2,4,4,244
1360,711.0999999999999,23,54,2,4,4,244
1176,289.28999999999996,15,65,2,4,4,244
1322,313.06,15,68,2,4,4,244
1435,639.46,11,40,2,4,4,244
1009,146.79999999999998,22,68,2,4,4,244
313,109.86999999999999,4,50,2,4,4,244
1442,387.5400000000001,18,55,2,4,4,244
969,361.88,8,59,2,4,4,244
1416,110.83000000000001,5,41,2,4,4,244
1503,138.85000000000002,17,44,2,4,4,244
1315,779.1600000000001,5,59,2,4,4,244
267,418.86,24,45,2,4,4,244
298,277.11,4,59,2,4,4,244
1538,601.5699999999999,28,62,2,4,4,244
1342,171.35,11,48,2,4,4,244
323,180.67,13,38,2,4,4,244
1118,1102.8999999999999,16,64,2,4,4,244
1422,622.8199999999999,11,46,2,4,4,244
1254,309.55,6,57,2,4,4,244
1143,228.59999999999997,12,64,2,4,4,244
1433,84.07,8,46,2,4,4,244
1170,75.5,7,55,2,4,4,244
1148,527.9,26,37,2,4,4,244
1286,694.6300000000001,26,51,2,4,4,244
1341,654.9900000000001,13,44,2,4,4,244
501,591.93,21,42,2,4,4,244
1255,703.33,25,59,2,4,4,244
1275,156.29,6,68,2,4,4,244
1022,321.37000000000006,34,41,2,4,4,244
1020,11003.340000000002,153,84,3,1,1,311
276,6985.550000000003,137,74,3,1,1,311
518,6037.409999999999,137,89,3,1,1,311
1491,6412.789999999999,257,81,3,1,1,311
1619,5058.41,170,90,3,1,1,311
263,6942.129999999999,298,94,3,1,1,311
1653,23416.22000000003,373,89,3,1,1,311
523,6329.929999999997,229,81,3,1,1,311
1029,15115.610000000013,237,92,3,1,1,311
421,7559.050000000004,158,79,3,1,1,311
878,7533.040000000002,147,89,3,1,1,311
1454,5745.739999999998,135,89,3,1,1,311
1428,5953.279999999999,133,92,3,1,1,311
354,9984.969999999998,152,82,3,1,1,311
463,7020.259999999993,399,92,3,1,1,311
88,13848.759999999991,182,86,3,1,1,311
1837,8520.380000000001,128,74,3,1,1,311
1326,10439.480000000003,243,81,3,1,1,311
881,5244.9000000000015,135,91,3,1,1,311
1501,9606.4,180,91,3,1,1,311
1430,22790.109999999993,232,75,3,1,1,311
198,10478.030000000002,234,79,3,1,1,311
69,6744.97,148,85,3,1,1,311
859,8072.590000000002,171,73,3,1,1,311
868,7709.64,125,92,3,1,1,311
1041,8246.39,186,74,3,1,1,311
1045,5710.740000000002,221,71,3,1,1,311
290,6604.890000000002,235,81,3,1,1,311
510,9107.459999999997,257,83,3,1,1,311
908,7647.000000000003,178,91,3,1,1,311
1445,6089.060000000002,159,81,3,1,1,311
285,5154.72,167,75,3,1,1,311
1557,7073.280000000003,165,89,3,1,1,311
1535,9885.580000000002,183,81,3,1,1,311
553,8384.109999999997,235,94,3,1,1,311
1529,10621.249999999998,184,90,3,1,1,311
1566,11686.849999999993,231,94,3,1,1,311
942,6664.35,184,83,3,1,1,311
929,6488.129999999999,205,75,3,1,1,311
1510,12573.499999999996,504,81,3,1,1,311
1602,7121.309999999998,144,73,3,1,1,311
998,10239.779999999997,189,94,3,1,1,311
358,14248.150000000003,307,88,3,1,1,311
209,8092.879999999998,143,94,3,1,1,311
762,10101.159999999996,441,85,3,1,1,311
1762,18034.519999999993,275,92,3,1,1,311
489,6645.5599999999995,166,86,3,1,1,311
840,13202.249999999996,190,77,3,1,1,311
232,14868.859999999993,292,72,3,1,1,311
825,13699.839999999997,196,70,3,1,1,311
493,5678.470000000001,157,74,3,1,1,311
99,8090.469999999993,191,85,3,1,1,311
95,8437.689999999999,244,87,3,1,1,311
351,9332.389999999998,234,93,3,1,1,311
1795,12544.519999999993,494,88,3,1,1,311
1778,10463.330000000002,201,83,3,1,1,311
1740,13327.829999999996,270,90,3,1,1,311
844,5977.849999999997,128,78,3,1,1,311
503,5504.939999999999,141,90,3,1,1,311
1720,6446.439999999999,139,81,3,1,1,311
1113,5439.05,159,70,3,1,1,311
1829,7548.659999999999,258,86,3,1,1,311
1305,8887.109999999997,240,94,3,1,1,311
653,12493.949999999993,193,89,3,1,1,311
703,10557.550000000005,168,70,3,1,1,311
1379,16359.580000000002,390,79,3,1,1,311
1203,7271.860000000001,148,82,3,1,1,311
761,10722.459999999994,155,88,3,1,1,311
1285,6383.13,125,75,3,1,1,311
380,9278.530000000002,126,93,3,1,1,311
58,11910.03,230,80,3,1,1,311
418,7899.930000000002,205,90,3,1,1,311
1279,5610.2699999999995,157,88,3,1,1,311
1277,7000.529999999999,225,94,3,1,1,311
40,14201.449999999993,303,74,3,1,1,311
383,6648.989999999999,136,74,3,1,1,311
36,5764.26,182,87,3,1,1,311
1282,7065.549999999996,159,73,3,1,1,311
1944,12220.339999999997,151,88,3,1,1,311
20,8300.030000000004,298,80,3,1,1,311
19,14344.460000000001,296,72,3,1,1,311
18,8067.57,132,93,3,1,1,311
1179,10904.920000000002,175,88,3,1,1,311
1180,6219.989999999999,130,91,3,1,1,311
1988,9229.86,129,72,3,1,1,311
702,9675.66,229,76,3,1,1,311
1166,14361.550000000003,306,76,3,1,1,311
123,3962.910000000001,151,81,3,1,2,312
445,3103.3299999999986,180,71,3,1,2,312
1556,4863.530000000002,130,94,3,1,2,312
972,4732.640000000002,171,90,3,1,2,312
621,3612.140000000001,138,92,3,1,2,312
1366,4968.540000000002,215,73,3,1,2,312
644,4350.97,188,92,3,1,2,312
1989,3713.3900000000003,135,75,3,1,2,312
329,3280.2499999999995,144,78,3,1,2,312
804,5011.75,181,76,3,1,2,312
78,2905.7700000000004,194,87,3,1,2,312
1763,4464.739999999999,138,76,3,1,2,312
1293,3114.2400000000002,156,69,3,1,2,312
1403,4034.0100000000025,130,74,3,1,2,312
1976,4072.7299999999973,138,72,3,1,2,312
1969,2917.0099999999993,204,77,3,1,2,312
1306,3585.849999999998,148,82,3,1,2,312
1822,4145.790000000001,166,70,3,1,2,312
1158,3637.2799999999993,180,79,3,1,2,312
1004,4146.520000000001,211,82,3,1,2,312
356,3109.3599999999997,179,84,3,1,2,312
731,3771.609999999999,155,84,3,1,2,312
1511,4512.220000000002,130,74,3,1,2,312
1481,3807.83,131,88,3,1,2,312
1753,3380.3399999999974,279,94,3,1,2,312
1526,3497.2799999999997,194,74,3,1,2,312
742,4535.42,271,72,3,1,2,312
442,3658.1399999999994,164,76,3,1,2,312
1930,3081.399999999999,135,93,3,1,2,312
830,2083.0099999999998,129,73,3,1,3,313
1062,1830.1100000000006,195,70,3,1,3,313
479,2169.5200000000013,131,93,3,1,3,313
694,1943.5899999999995,127,81,3,1,3,313
330,1921.2800000000002,171,82,3,1,3,313
1663,1929.0699999999995,162,94,3,1,3,313
1742,2391.7200000000003,273,71,3,1,3,313
1038,1925.7999999999988,222,81,3,1,3,313
1321,2329.2199999999984,179,72,3,1,3,313
1443,2386.98,154,83,3,1,3,313
1495,2045.6099999999992,161,76,3,1,3,313
1716,2239.399999999999,127,90,3,1,3,313
1081,11440.68,124,69,3,2,1,321
671,5796.619999999998,113,76,3,2,1,321
1333,8494.560000000001,123,72,3,2,1,321
1370,10047.280000000002,84,88,3,2,1,321
548,5138.05,87,86,3,2,1,321
1662,10149.99,78,84,3,2,1,321
1640,5131.490000000001,119,73,3,2,1,321
1462,5748.97,114,88,3,2,1,321
346,6240.910000000001,119,86,3,2,1,321
1797,6813.340000000003,106,73,3,2,1,321
1024,11480.800000000007,120,74,3,2,1,321
72,7475.59,99,73,3,2,1,321
891,8503.979999999998,93,76,3,2,1,321
1091,6078.439999999999,104,85,3,2,1,321
1234,6463.090000000001,93,69,3,2,1,321
1169,6433.11,103,75,3,2,1,321
1517,5101.740000000001,120,74,3,2,1,321
242,5941.389999999999,86,73,3,2,1,321
1990,5349.509999999998,112,83,3,2,1,321
973,15040.230000000001,72,94,3,2,1,321
1216,6215.58,119,94,3,2,1,321
411,7763.699999999997,119,88,3,2,1,321
1061,7716.69,108,86,3,2,1,321
845,5857.9,107,81,3,2,1,321
939,6593.829999999998,108,83,3,2,1,321
1175,8009.099999999999,124,94,3,2,1,321
574,8404.059999999996,112,87,3,2,1,321
725,6428.1100000000015,122,87,3,2,1,321
392,12310.739999999994,102,74,3,2,1,321
741,4087.6599999999994,81,80,3,2,2,322
1032,2692.5,86,92,3,2,2,322
1354,2981.4800000000005,79,74,3,2,2,322
1374,3251.8300000000004,88,71,3,2,2,322
1834,4528.22,115,83,3,2,2,322
1953,3148.319999999999,96,72,3,2,2,322
1392,2826.2599999999998,94,71,3,2,2,322
1749,4688.740000000001,115,91,3,2,2,322
1577,4451.97,72,73,3,2,2,322
1187,3424.6100000000015,111,70,3,2,2,322
1912,2631.1200000000013,90,77,3,2,2,322
944,3220.2000000000016,90,69,3,2,2,322
823,2898.4099999999985,101,89,3,2,2,322
517,4300.350000000001,93,70,3,2,2,322
692,4254.319999999999,110,75,3,2,2,322
434,4469.939999999999,106,73,3,2,2,322
578,3440.6200000000003,107,89,3,2,2,322
1191,2808.9300000000007,93,94,3,2,2,322
911,4145.79,71,82,3,2,2,322
612,4653.450000000001,121,87,3,2,2,322
879,2873.89,88,79,3,2,2,322
873,3784.0400000000004,79,80,3,2,2,322
1174,2628.679999999999,102,77,3,2,2,322
1862,2617.0499999999997,112,72,3,2,2,322
779,4395.929999999999,77,72,3,2,2,322
211,2627.200000000001,105,90,3,2,2,322
443,3359.5599999999995,93,69,3,2,2,322
1639,3062.75,91,79,3,2,2,322
1659,3421.23,119,90,3,2,2,322
1869,4625.13,108,73,3,2,2,322
1960,3304.040000000001,72,78,3,2,2,322
1724,2993.9900000000007,92,69,3,2,2,322
159,2569.84,78,77,3,2,2,322
1409,4838.0999999999985,85,85,3,2,2,322
1792,3741.3199999999997,112,73,3,2,2,322
1358,3146.8399999999997,108,79,3,2,2,322
412,3117.000000000001,96,82,3,2,2,322
1781,3613.380000000001,89,70,3,2,2,322
1773,3746.3499999999985,84,70,3,2,2,322
228,2928.0800000000004,80,79,3,2,2,322
325,3904.389999999999,73,70,3,2,2,322
1458,4278.339999999999,116,91,3,2,2,322
1896,4000.8700000000013,112,73,3,2,2,322
1488,3960.5400000000004,71,94,3,2,2,322
1621,3886.049999999999,77,91,3,2,2,322
1962,3866.8000000000025,115,74,3,2,2,322
297,4166.42,94,78,3,2,2,322
370,3895.0099999999998,120,76,3,2,2,322
139,3558.1699999999987,72,74,3,2,2,322
1406,4370.340000000001,97,75,3,2,2,322
1687,4457.31,103,94,3,2,2,322
249,3308.579999999999,117,78,3,2,2,322
144,2589.0900000000006,78,94,3,2,2,322
1296,2738.77,78,76,3,2,2,322
716,1835.7700000000002,75,76,3,2,3,323
1981,1949.05,96,78,3,2,3,323
1993,1691.4100000000003,73,94,3,2,3,323
1948,1887.4600000000005,80,87,3,2,3,323
1120,2050.3499999999995,75,70,3,2,3,323
153,1875.4499999999991,76,76,3,2,3,323
1383,1775.2400000000007,116,86,3,2,3,323
1826,2525.689999999999,102,80,3,2,3,323
390,2067.5500000000006,105,79,3,2,3,323
566,1433.7100000000003,95,81,3,2,3,323
793,2238.559999999999,93,87,3,2,3,323
705,1657.25,89,75,3,2,3,323
1007,1671.8000000000004,112,72,3,2,3,323
666,1207.16,84,82,3,2,3,323
915,1052.77,114,74,3,2,4,324
1941,930.3900000000001,118,89,3,2,4,324
1219,965.0099999999996,110,77,3,2,4,324
460,902.75,95,78,3,2,4,324
135,821.96,73,73,3,2,4,324
1207,1006.8199999999998,89,75,3,2,4,324
1134,5768.89,47,86,3,3,1,331
849,5090.22,61,83,3,3,1,331
931,6003.52,36,93,3,3,1,331
1774,5804.860000000001,62,81,3,3,1,331
1927,5988.049999999998,70,82,3,3,1,331
37,3521.5999999999995,56,86,3,3,2,332
733,3230.27,70,88,3,3,2,332
473,3886.9200000000005,56,80,3,3,2,332
1796,2909.0599999999995,51,70,3,3,2,332
1918,3596.520000000001,59,86,3,3,2,332
41,3721.079999999999,70,70,3,3,2,332
777,3037.7199999999993,39,81,3,3,2,332
1765,3598.28,57,80,3,3,2,332
108,3044.4299999999994,52,83,3,3,2,332
1719,3967.879999999999,70,70,3,3,2,332
435,2885.57,66,76,3,3,2,332
408,2809.6200000000003,51,79,3,3,2,332
138,4271.2199999999975,68,70,3,3,2,332
1963,2960.6499999999996,49,70,3,3,2,332
1204,2596.8399999999997,63,77,3,3,2,332
1858,3289.9499999999994,64,94,3,3,2,332
1997,4777.53,59,70,3,3,2,332
763,3306.1799999999994,39,70,3,3,2,332
1494,2962.0800000000004,55,74,3,3,2,332
726,2726.499999999999,70,71,3,3,2,332
1147,4361.969999999999,52,77,3,3,2,332
1325,3120.4699999999993,62,78,3,3,2,332
1474,2978.7099999999987,69,84,3,3,2,332
1464,3300.8999999999996,70,87,3,3,2,332
1270,3817.7999999999997,63,90,3,3,2,332
1268,3451.409999999999,62,80,3,3,2,332
611,2883.810000000001,69,81,3,3,2,332
1691,2725.9800000000005,48,93,3,3,2,332
344,2577.07,46,91,3,3,2,332
877,3801.4100000000008,56,88,3,3,2,332
1129,2722.889999999999,70,82,3,3,2,332
312,2969.7900000000004,37,87,3,3,2,332
1363,4753.99,50,74,3,3,2,332
1324,3445.72,42,76,3,3,2,332
545,3123.3600000000006,55,90,3,3,2,332
1524,3290.120000000001,53,82,3,3,2,332
1514,2699.08,57,94,3,3,2,332
1708,4625.74,55,94,3,3,2,332
1417,4544.289999999998,51,73,3,3,2,332
266,3569.830000000001,56,78,3,3,2,332
514,2586.39,65,90,3,3,2,332
1010,2790.5800000000004,69,85,3,3,2,332
818,1923.6300000000006,47,69,3,3,3,333
950,2369.3399999999997,51,82,3,3,3,333
391,1608.0199999999995,40,84,3,3,3,333
1832,1634.0299999999997,54,90,3,3,3,333
937,2020.1300000000003,63,79,3,3,3,333
662,1603.9500000000003,38,69,3,3,3,333
1790,2256.35,47,71,3,3,3,333
1608,1814.48,38,77,3,3,3,333
652,2050.7200000000003,45,73,3,3,3,333
1523,2023.9800000000005,50,82,3,3,3,333
914,2001.809999999999,58,80,3,3,3,333
1562,1555.6699999999996,39,93,3,3,3,333
1593,2115.1699999999996,41,72,3,3,3,333
1552,1215.3799999999997,35,85,3,3,3,333
1165,1703.7200000000005,56,82,3,3,3,333
87,1284.3,45,84,3,3,3,333
627,1957.55,43,85,3,3,3,333
247,1410.8200000000002,51,73,3,3,3,333
197,2143.14,53,78,3,3,3,333
1690,1850.9099999999992,47,92,3,3,3,333
204,1161.6300000000003,50,91,3,3,3,333
1141,1410.7300000000002,54,87,3,3,3,333
419,2176.3599999999997,44,79,3,3,3,333
1231,2442.45,52,86,3,3,3,333
406,1950.16,38,82,3,3,3,333
1194,1531.9900000000002,57,87,3,3,3,333
1208,1243.2,49,90,3,3,3,333
1267,1859.76,64,78,3,3,3,333
1632,2392.23,60,70,3,3,3,333
547,2031.5899999999997,47,92,3,3,3,333
1637,1582.039999999999,61,70,3,3,3,333
1575,1965.7,54,88,3,3,3,333
1643,1782.26,39,73,3,3,3,333
584,1204.57,44,85,3,3,3,333
1890,2146.3700000000003,46,81,3,3,3,333
1867,1512.21,49,74,3,3,3,333
1891,1595.96,36,94,3,3,3,333
668,1526.5299999999997,55,85,3,3,3,333
75,1344.2200000000005,59,88,3,3,3,333
279,2214.5499999999997,43,76,3,3,3,333
53,2341.6,52,72,3,3,3,333
1068,1639.1,70,84,3,3,3,333
749,1305.2900000000002,66,85,3,3,3,333
1063,1828.5800000000006,50,83,3,3,3,333
1408,1199.3600000000001,54,88,3,3,3,333
1395,1358.06,37,78,3,3,3,333
1949,2009.6,45,80,3,3,3,333
1079,1163.7199999999998,43,81,3,3,3,333
160,1768.6800000000003,55,70,3,3,3,333
339,2280.7000000000007,64,89,3,3,3,333
337,1214.8300000000006,59,77,3,3,3,333
1658,2077.72,58,92,3,3,3,333
824,1465.42,53,93,3,3,3,333
1671,1634.9299999999996,38,69,3,3,3,333
836,1870.789999999999,65,90,3,3,3,333
1743,1396.4999999999998,42,73,3,3,3,333
148,1365.1,50,92,3,3,3,333
1744,1182.3000000000004,52,72,3,3,3,333
782,1861.71,62,69,3,3,3,333
1531,1166.5800000000002,41,69,3,3,3,333
781,2231.0299999999997,54,90,3,3,3,333
1450,1976.8999999999999,61,90,3,3,3,333
1346,1338.8900000000006,67,90,3,3,3,333
482,2266.8199999999997,49,72,3,3,3,333
645,525.9400000000002,43,85,3,3,4,334
1573,421.40000000000003,68,94,3,3,4,334
810,584.64,35,74,3,3,4,334
465,448.96999999999997,42,75,3,3,4,334
678,566.5700000000002,47,88,3,3,4,334
750,731.18,43,85,3,3,4,334
189,888.4499999999998,38,78,3,3,4,334
1587,842.7600000000003,60,86,3,3,4,334
1334,770.7700000000001,45,91,3,3,4,334
1597,938.8299999999998,49,84,3,3,4,334
199,799.1300000000002,51,70,3,3,4,334
1611,782.8099999999998,45,72,3,3,4,334
94,551.9100000000001,35,86,3,3,4,334
809,786.8599999999999,43,75,3,3,4,334
1614,584.7099999999999,69,88,3,3,4,334
366,806.3599999999998,42,81,3,3,4,334
407,1044.81,40,94,3,3,4,334
858,681.7099999999999,41,69,3,3,4,334
1008,549.24,35,77,3,3,4,334
1092,1121.9999999999998,37,82,3,3,4,334
103,642.4499999999999,41,90,3,3,4,334
179,762.6699999999998,37,72,3,3,4,334
82,657.05,51,80,3,3,4,334
431,660.43,35,91,3,3,4,334
1875,1037.67,37,71,3,3,4,334
457,862.9800000000004,69,75,3,3,4,334
772,292.69000000000005,37,89,3,3,4,334
1991,358.15,42,80,3,3,4,334
461,857.74,36,75,3,3,4,334
860,319.83000000000004,42,75,3,3,4,334
1401,810.0700000000002,49,78,3,3,4,334
1641,686.2900000000002,42,87,3,3,4,334
688,3659.5299999999997,28,69,3,4,2,342
1368,3085.450000000001,32,91,3,4,2,342
1155,2622.609999999999,28,73,3,4,2,342
1664,2780.3199999999997,30,80,3,4,2,342
848,3093.5100000000007,22,92,3,4,2,342
1344,3223.58,27,86,3,4,2,342
1983,2821.390000000001,34,79,3,4,2,342
981,1626.6299999999994,32,79,3,4,3,343
984,1642.93,27,70,3,4,3,343
1522,1310.8500000000001,31,91,3,4,3,343
995,1403.5,21,69,3,4,3,343
1140,1347.8400000000001,16,69,3,4,3,343
1700,1981.4999999999995,29,74,3,4,3,343
643,1954.4099999999996,29,85,3,4,3,343
1755,1377.35,31,73,3,4,3,343
829,2001.2999999999997,32,90,3,4,3,343
1086,1410.8,28,75,3,4,3,343
1093,1199.47,26,77,3,4,3,343
1407,1765.2100000000003,31,87,3,4,3,343
801,2313.27,28,69,3,4,3,343
912,1352.1,16,90,3,4,3,343
1903,1432.4499999999998,33,70,3,4,3,343
1002,1148.1800000000003,28,72,3,4,3,343
570,1836.2499999999998,32,89,3,4,3,343
1698,1999.6599999999999,32,73,3,4,3,343
369,1184.73,28,75,3,4,3,343
1688,1226.6899999999998,33,80,3,4,3,343
846,1303.1399999999996,34,82,3,4,3,343
1636,1421.9000000000003,20,69,3,4,3,343
765,1828.6299999999999,27,85,3,4,3,343
1033,1834.9800000000005,26,77,3,4,3,343
1257,1638.1499999999996,31,89,3,4,3,343
1030,1374.54,30,80,3,4,3,343
723,1485.2399999999998,23,76,3,4,3,343
1952,1213.0399999999997,32,80,3,4,3,343
1701,1496.1000000000001,28,80,3,4,3,343
1239,2494.25,25,92,3,4,3,343
1596,2463.42,25,75,3,4,3,343
1699,1435.21,25,87,3,4,3,343
1986,282.92,12,70,3,4,4,344
572,1079.04,33,89,3,4,4,344
1739,970.5499999999997,33,89,3,4,4,344
724,701.8,25,74,3,4,4,344
1183,352.02,7,87,3,4,4,344
295,234.08999999999997,5,80,3,4,4,344
1750,972.6500000000001,18,87,3,4,4,344
657,121.58000000000001,20,76,3,4,4,344
423,314.95,13,77,3,4,4,344
1052,262.71,7,78,3,4,4,344
213,689.1400000000001,8,79,3,4,4,344
150,282.53000000000003,5,84,3,4,4,344
60,617.31,8,90,3,4,4,344
1343,335.07000000000005,11,91,3,4,4,344
1909,636.92,21,72,3,4,4,344
1439,681.5600000000001,26,88,3,4,4,344
839,931.64,8,87,3,4,4,344
61,236.71,11,77,3,4,4,344
1884,653.6899999999999,29,76,3,4,4,344
272,474.41999999999996,7,78,3,4,4,344
1915,526.8100000000001,23,88,3,4,4,344
1725,884.2500000000002,18,83,3,4,4,344
1415,309.09000000000003,27,70,3,4,4,344
1149,355.99000000000007,15,87,3,4,4,344
1413,381.86999999999995,26,92,3,4,4,344
44,1011.5,29,80,3,4,4,344
565,545.1,21,77,3,4,4,344
274,133.76000000000002,14,76,3,4,4,344
1589,407.53000000000003,18,78,3,4,4,344
1311,914.3199999999999,15,80,3,4,4,344
1706,426.71,17,74,3,4,4,344
1876,92.55000000000001,5,74,3,4,4,344
284,599.55,19,94,3,4,4,344
355,409.85999999999996,5,80,3,4,4,344
1840,361.17999999999995,30,90,3,4,4,344
1583,385.95,19,83,3,4,4,344
516,328.51,16,81,3,4,4,344
63,662.2399999999999,30,84,3,4,4,344
1398,484.97,20,90,3,4,4,344
739,198.47000000000003,5,90,3,4,4,344
917,602.6899999999999,25,90,3,4,4,344
892,580.12,22,72,3,4,4,344
375,280.42999999999995,24,94,3,4,4,344
1348,353.4,23,83,3,4,4,344
90,547.62,9,88,3,4,4,344
1610,185.13000000000002,8,85,3,4,4,344
30,723.6900000000002,22,76,3,4,4,344
1504,98.01,3,77,3,4,4,344
1737,464.66999999999996,27,82,3,4,4,344
1893,397.53999999999996,17,89,3,4,4,344
1472,322.67,4,86,3,4,4,344
1250,269.07,6,80,3,4,4,344
1310,1031.86,31,91,3,4,4,344
5,897.3900000000001,33,84,3,4,4,344
967,368.93999999999994,9,88,3,4,4,344
767,691.6,13,83,3,4,4,344
1480,260.40999999999997,27,85,3,4,4,344
651,484.81,7,73,3,4,4,344
1101,233.99999999999997,15,77,3,4,4,344
1871,592.0600000000001,18,82,3,4,4,344
1486,635.4800000000001,14,89,3,4,4,344
352,195.67,6,85,3,4,4,344
1280,487.85,21,88,3,4,4,344
1766,563.61,31,85,3,4,4,344
453,825.9399999999999,32,76,3,4,4,344
1498,1112.2199999999998,26,78,3,4,4,344
559,390.21999999999997,24,77,3,4,4,344
1497,590.02,9,94,3,4,4,344
1635,153.41,17,92,3,4,4,344
310,208.67,6,78,3,4,4,344
1561,457.09,5,86,3,4,4,344
522,29.63,3,76,3,4,4,344
1244,708.2200000000001,31,79,3,4,4,344
1281,895.6399999999999,30,94,3,4,4,344
774,1098.6000000000001,16,81,3,4,4,344
1384,1073.34,32,89,3,4,4,344
1682,180.57,9,79,3,4,4,344
870,277.26000000000005,12,89,3,4,4,344
173,276.82000000000005,10,69,3,4,4,344
990,272.45,15,84,3,4,4,344
880,241.59000000000003,9,82,3,4,4,344
494,8.42,1,93,3,4,4,344
1521,965.8599999999999,29,86,3,4,4,344
320,556.28,18,87,3,4,4,344
589,368.33,16,82,3,4,4,344
819,191.23999999999998,6,71,3,4,4,344
171,896.4699999999999,24,88,3,4,4,344
1212,238.49999999999997,6,83,3,4,4,344
363,78.88,4,93,3,4,4,344
1090,345.19,11,89,3,4,4,344
1539,85.22999999999999,10,88,3,4,4,344
234,311.99,18,75,3,4,4,344
21,1035.77,23,71,3,4,4,344
12,298.90999999999997,7,71,3,4,4,344
966,233.35999999999999,16,89,3,4,4,344
1533,271.27000000000004,22,85,3,4,4,344
970,801.15,15,93,3,4,4,344
126,1038.35,26,87,3,4,4,344
1534,9483.359999999997,257,104,4,1,1,411
975,5242.440000000003,162,108,4,1,1,411
1804,11893.799999999996,244,99,4,1,1,411
685,6976.359999999994,185,97,4,1,1,411
101,8738.250000000005,163,115,4,1,1,411
67,12092.749999999995,189,102,4,1,1,411
695,9631.759999999998,191,114,4,1,1,411
526,5180.1500000000015,158,100,4,1,1,411
1892,6816.309999999998,201,106,4,1,1,411
1807,9163.199999999997,190,117,4,1,1,411
633,6686.1399999999985,127,109,4,1,1,411
143,8111.989999999998,255,97,4,1,1,411
638,9094.37,136,116,4,1,1,411
289,6580.019999999999,146,113,4,1,1,411
1935,13274.560000000005,147,113,4,1,1,411
855,6807.789999999993,190,111,4,1,1,411
1775,11176.050000000003,169,112,4,1,1,411
856,6299.210000000004,158,98,4,1,1,411
842,8971.04,293,112,4,1,1,411
397,7041.819999999998,193,103,4,1,1,411
675,5447.039999999998,158,102,4,1,1,411
1376,12984.730000000001,180,99,4,1,1,411
389,18147.58000000002,230,107,4,1,1,411
1694,9613.91,166,107,4,1,1,411
262,5600.96,159,99,4,1,1,411
1693,9578.990000000002,147,105,4,1,1,411
771,9963.409999999996,371,114,4,1,1,411
876,6789.42,166,105,4,1,1,411
768,8128.190000000003,352,108,4,1,1,411
6,6824.500000000004,221,117,4,1,1,411
618,8327.830000000002,297,116,4,1,1,411
127,5966.750000000004,160,95,4,1,1,411
1078,7748.020000000001,215,113,4,1,1,411
13,14818.110000000006,203,100,4,1,1,411
1337,14264.449999999993,211,108,4,1,1,411
306,7569.8200000000015,149,99,4,1,1,411
426,9072.329999999994,193,101,4,1,1,411
882,5552.589999999997,192,100,4,1,1,411
1303,7067.120000000002,170,97,4,1,1,411
722,7633.030000000001,127,98,4,1,1,411
1864,18423.04999999999,139,102,4,1,1,411
696,17078.67000000001,253,113,4,1,1,411
161,7276.479999999999,211,100,4,1,1,411
1451,8152.29,209,113,4,1,1,411
1588,5763.869999999999,196,99,4,1,1,411
218,10250.859999999999,137,108,4,1,1,411
56,7925.489999999998,181,95,4,1,1,411
400,20291.959999999992,233,108,4,1,1,411
1146,10875.480000000001,249,95,4,1,1,411
485,6872.76,144,116,4,1,1,411
1630,10795.820000000002,181,102,4,1,1,411
1906,9963.180000000004,144,103,4,1,1,411
660,9316.660000000003,138,112,4,1,1,411
1240,12131.029999999997,179,98,4,1,1,411
707,21373.759999999995,347,102,4,1,1,411
1924,7403.479999999993,190,109,4,1,1,411
156,5980.66,326,114,4,1,1,411
113,17522.959999999995,181,95,4,1,1,411
1850,7534.870000000002,191,116,4,1,1,411
661,9057.190000000006,340,99,4,1,1,411
230,5548.999999999998,147,101,4,1,1,411
1823,14298.150000000001,257,115,4,1,1,411
898,9511.429999999997,257,105,4,1,1,411
1598,13601.539999999992,243,103,4,1,1,411
1907,10617.119999999995,257,107,4,1,1,411
1995,17812.82,141,117,4,1,1,411
1453,24445.430000000015,401,96,4,1,1,411
1879,5658.979999999995,247,96,4,1,1,411
1397,6629.000000000001,241,98,4,1,1,411
1023,40456.56000000001,358,106,4,1,1,411
1703,5351.02,173,110,4,1,1,411
786,8305.28,173,103,4,1,1,411
1394,5156.149999999999,144,117,4,1,1,411
1475,17307.919999999984,262,109,4,1,1,411
303,6153.180000000002,164,114,4,1,1,411
608,5802.399999999999,180,95,4,1,1,411
275,7432.839999999999,248,99,4,1,1,411
1748,6260.4299999999985,203,116,4,1,1,411
1788,9610.79,133,102,4,1,1,411
582,5840.049999999997,132,99,4,1,1,411
1831,6566.029999999998,144,103,4,1,1,411
1159,5114.529999999997,189,108,4,1,1,411
1103,6821.289999999999,175,115,4,1,1,411
1631,13033.740000000013,274,96,4,1,1,411
184,8139.000000000001,195,98,4,1,1,411
817,6101.089999999999,140,98,4,1,1,411
1236,4678.6900000000005,165,102,4,1,2,412
1965,4792.849999999999,142,108,4,1,2,412
1982,4731.070000000002,141,106,4,1,2,412
1066,3779.8199999999974,217,97,4,1,2,412
377,3746.8200000000006,128,100,4,1,2,412
79,4730.590000000001,134,101,4,1,2,412
527,4306.869999999998,129,108,4,1,2,412
338,3226.4099999999994,125,152,4,1,2,412
1431,3007.6199999999976,127,105,4,1,2,412
1005,3082.82,166,114,4,1,2,412
1540,4326.819999999999,128,97,4,1,2,412
622,2750.14,136,117,4,1,2,412
1520,4516.640000000002,129,101,4,1,2,412
787,2905.2799999999984,181,100,4,1,2,412
1791,3620.7799999999984,125,101,4,1,2,412
1759,5014.609999999999,141,115,4,1,2,412
1942,3460.8400000000006,131,101,4,1,2,412
916,4370.529999999999,158,95,4,1,2,412
808,2678.9700000000016,170,97,4,1,2,412
1810,4335.479999999997,226,95,4,1,2,412
1776,4408.240000000002,172,114,4,1,2,412
1434,4839.579999999998,189,103,4,1,2,412
1423,1916.5900000000004,152,108,4,1,3,413
534,1493.5500000000004,339,110,4,1,3,413
158,2272.669999999999,169,114,4,1,3,413
1307,2270.280000000001,148,97,4,1,3,413
1567,2366.5399999999995,137,116,4,1,3,413
1604,913.5899999999999,148,105,4,1,4,414
1318,6016.519999999999,71,95,4,2,1,421
732,5189.65,88,117,4,2,1,421
1039,5791.279999999998,76,108,4,2,1,421
766,9807.06,102,112,4,2,1,421
949,6628.249999999999,119,115,4,2,1,421
1618,5042.700000000002,88,117,4,2,1,421
1676,5975.49,84,114,4,2,1,421
1568,5889.619999999999,74,106,4,2,1,421
492,8581.489999999998,84,117,4,2,1,421
1074,9440.259999999995,120,117,4,2,1,421
1764,12914.44,103,109,4,2,1,421
871,11697.28,120,109,4,2,1,421
1563,5480.380000000001,93,109,4,2,1,421
1085,5663.629999999999,96,108,4,2,1,421
1623,5666.450000000001,124,111,4,2,1,421
118,5068.179999999999,80,100,4,2,1,421
740,7900.990000000003,108,111,4,2,1,421
1848,11600.690000000004,104,104,4,2,1,421
1425,5047.699999999999,105,106,4,2,1,421
164,5327.74,103,115,4,2,1,421
1352,5929.4400000000005,119,116,4,2,1,421
1673,5616.179999999999,91,101,4,2,1,421
1053,5112.880000000002,96,106,4,2,1,421
1966,6319.429999999996,119,116,4,2,1,421
1247,7804.269999999998,111,107,4,2,1,421
1226,7627.850000000001,73,110,4,2,1,421
1541,8573.050000000001,99,114,4,2,1,421
1947,8153.689999999997,85,113,4,2,1,421
387,6446.769999999998,114,96,4,2,1,421
250,6758.380000000002,119,107,4,2,1,421
104,8094.610000000001,115,111,4,2,1,421
1050,5789.529999999999,109,115,4,2,1,421
430,2788.4199999999987,90,102,4,2,2,422
214,3169.68,85,112,4,2,2,422
1650,2636.2899999999995,95,116,4,2,2,422
540,3715.1499999999996,84,124,4,2,2,422
1543,3311.81,71,107,4,2,2,422
1546,4855.749999999999,80,113,4,2,2,422
1271,4844.88,123,116,4,2,2,422
441,2657.52,76,115,4,2,2,422
1473,4847.5,106,106,4,2,2,422
549,2668.599999999999,78,115,4,2,2,422
417,3621.3199999999993,76,104,4,2,2,422
221,3553.9700000000016,72,96,4,2,2,422
594,3178.7300000000005,83,97,4,2,2,422
1972,2828.6099999999997,87,116,4,2,2,422
546,4167.2199999999975,101,105,4,2,2,422
663,4029.199999999999,93,114,4,2,2,422
1847,3294.6300000000006,94,100,4,2,2,422
1505,4632.89,99,113,4,2,2,422
1218,3717.62,86,102,4,2,2,422
558,2796.499999999999,104,107,4,2,2,422
1594,3527.9899999999984,88,111,4,2,2,422
993,3678.0099999999993,116,100,4,2,2,422
23,3434.5599999999995,100,108,4,2,2,422
1578,3344.3,83,116,4,2,2,422
623,4845.0899999999965,99,108,4,2,2,422
1073,3373.7799999999997,111,109,4,2,2,422
632,4137.9400000000005,84,102,4,2,2,422
573,3588.249999999998,99,95,4,2,2,422
1881,3215.340000000001,103,104,4,2,2,422
1484,3786.07,98,107,4,2,2,422
1499,2668.3399999999992,83,103,4,2,2,422
1227,4279.429999999999,78,106,4,2,2,422
738,3120.77,84,100,4,2,2,422
1735,4519.679999999999,85,103,4,2,2,422
288,3440.280000000001,81,107,4,2,2,422
348,3613.88,87,111,4,2,2,422
680,4436.160000000001,83,110,4,2,2,422
336,3430.7,83,110,4,2,2,422
764,4065.3200000000006,90,117,4,2,2,422
1375,4490.26,104,111,4,2,2,422
1087,3751.62,114,116,4,2,2,422
1188,4929.95,122,106,4,2,2,422
353,4365.479999999999,114,117,4,2,2,422
797,3296.2899999999995,89,110,4,2,2,422
1732,4024.43,87,106,4,2,2,422
47,2622.6799999999994,101,108,4,2,2,422
1440,3177.6099999999997,88,95,4,2,2,422
109,3953.3699999999994,101,114,4,2,2,422
121,2626.950000000001,90,113,4,2,2,422
1224,2828.88,74,112,4,2,2,422
747,1470.1000000000006,121,116,4,2,3,423
1470,2311.67,112,104,4,2,3,423
1021,2348.7899999999995,87,100,4,2,3,423
458,2395.0400000000013,109,114,4,2,3,423
1448,2087.949999999999,74,100,4,2,3,423
852,2147.449999999999,89,100,4,2,3,423
1047,1256.9299999999996,72,109,4,2,3,423
1666,1229.3899999999999,73,116,4,2,3,423
1812,2309.5699999999997,94,114,4,2,3,423
1839,1949.3700000000001,94,116,4,2,3,423
1921,2054.4599999999996,94,104,4,2,3,423
919,1692.499999999999,111,116,4,2,3,423
42,2531.630000000001,87,99,4,2,3,423
1911,1820.5900000000001,115,109,4,2,3,423
1668,2478.34,76,97,4,2,3,423
1777,1360.6900000000003,72,98,4,2,3,423
302,2020.8799999999997,88,97,4,2,3,423
1429,1162.7300000000002,77,114,4,2,3,423
1071,2403.550000000001,71,104,4,2,3,423
1076,2494.13,80,97,4,2,3,423
952,2541.68,100,100,4,2,3,423
28,2427.810000000001,120,114,4,2,3,423
1920,2108.4099999999994,89,103,4,2,3,423
398,2509.38,96,109,4,2,3,423
16,1683.3099999999995,90,97,4,2,3,423
396,2067.0700000000006,96,107,4,2,3,423
1844,1621.4000000000005,80,95,4,2,3,423
1686,1638.6699999999996,86,108,4,2,3,423
941,2477.879999999999,101,98,4,2,3,423
992,881.0200000000004,81,103,4,2,4,424
43,973.2300000000002,90,114,4,2,4,424
31,5343.580000000001,63,98,4,3,1,431
1802,5409.379999999998,50,107,4,3,1,431
438,5346.539999999999,62,102,4,3,1,431
1900,9417.32,55,110,4,3,1,431
1294,5518.78,54,109,4,3,1,431
1815,5152.270000000001,70,117,4,3,1,431
502,2767.3199999999997,44,112,4,3,2,432
901,3302.0699999999993,64,103,4,3,2,432
291,2972.05,50,104,4,3,2,432
961,4306.6,68,104,4,3,2,432
1696,2903.869999999999,60,97,4,3,2,432
1064,3879.7899999999995,43,107,4,3,2,432
384,4482.350000000001,69,104,4,3,2,432
770,3076.7799999999997,35,101,4,3,2,432
1570,3093.5,51,106,4,3,2,432
136,3415.480000000001,68,109,4,3,2,432
1072,3307.9899999999993,53,109,4,3,2,432
524,2651.3,70,115,4,3,2,432
1678,3007.620000000001,70,117,4,3,2,432
1894,2707.3900000000003,41,100,4,3,2,432
133,4706.520000000001,70,102,4,3,2,432
1820,4649.160000000001,70,114,4,3,2,432
1217,3253.98,45,101,4,3,2,432
1926,2981.8299999999995,63,102,4,3,2,432
1798,2952.580000000001,37,97,4,3,2,432
1389,3099.8299999999995,39,112,4,3,2,432
1592,2599.0100000000007,50,102,4,3,2,432
322,2753.2699999999995,62,102,4,3,2,432
1987,2626.4600000000005,70,105,4,3,2,432
1119,2877.58,63,109,4,3,2,432
577,4872.030000000001,37,112,4,3,2,432
701,2935.6400000000012,38,102,4,3,2,432
790,3132.58,56,105,4,3,2,432
1572,3049.73,49,105,4,3,2,432
1814,4618.499999999999,50,100,4,3,2,432
857,4586.269999999999,41,103,4,3,2,432
3,3328.3700000000003,46,112,4,3,2,432
978,3422.310000000001,70,109,4,3,2,432
342,2549.0700000000006,44,100,4,3,3,433
959,1195.7900000000004,53,106,4,3,3,433
1768,1891.7100000000003,61,113,4,3,3,433
508,1441.4,49,112,4,3,3,433
964,2377.079999999998,69,100,4,3,3,433
962,2042.2600000000002,49,111,4,3,3,433
1964,2412.24,63,114,4,3,3,433
1298,1763.63,48,104,4,3,3,433
1077,1700.1000000000001,36,276,4,3,3,433
537,1608.3000000000002,42,115,4,3,3,433
1446,2503.5399999999995,40,116,4,3,3,433
1362,1532.1399999999994,59,108,4,3,3,433
1054,1207.24,40,98,4,3,3,433
331,1427.8600000000004,50,111,4,3,3,433
847,1607.1599999999999,47,108,4,3,3,433
292,1188.8399999999997,69,114,4,3,3,433
137,1336.1000000000001,37,99,4,3,3,433
1122,1398.3799999999997,67,112,4,3,3,433
151,1579.96,44,115,4,3,3,433
2,2289.33,45,102,4,3,3,433
33,1475.6699999999998,46,109,4,3,3,433
155,2443.93,49,109,4,3,3,433
388,1791.9100000000003,54,102,4,3,3,433
1265,1757.5700000000002,45,117,4,3,3,433
450,1942.6800000000003,65,109,4,3,3,433
743,2374.85,57,112,4,3,3,433
940,1463.29,63,102,4,3,3,433
269,2024.8000000000002,70,98,4,3,3,433
1198,1248.7300000000002,42,106,4,3,3,433
1586,2412.2599999999993,63,95,4,3,3,433
1223,2093.0799999999995,46,109,4,3,3,433
667,1459.2399999999993,60,104,4,3,3,433
1889,2063.9900000000002,44,96,4,3,3,433
106,2214.29,56,97,4,3,3,433
1819,1703.85,64,116,4,3,3,433
677,1837.8700000000008,42,95,4,3,3,433
658,1303.3500000000004,44,96,4,3,3,433
92,2028.5700000000002,55,100,4,3,3,433
757,2335.5200000000004,39,114,4,3,3,433
1817,1170.16,46,103,4,3,3,433
1112,2048.129999999999,45,95,4,3,3,433
1560,1669.73,43,109,4,3,3,433
815,2263.78,38,96,4,3,3,433
1456,1783.1799999999996,66,111,4,3,3,433
180,2499.8799999999997,57,100,4,3,3,433
1649,1295.7600000000004,47,109,4,3,3,433
265,2304.36,50,114,4,3,3,433
1500,1214.7199999999998,45,112,4,3,3,433
1624,1811.1400000000003,70,107,4,3,3,433
1152,1525.4599999999996,56,110,4,3,3,433
201,1793.8100000000004,43,117,4,3,3,433
261,1365.23,41,107,4,3,3,433
531,1379.37,40,113,4,3,3,433
48,1384.03,45,111,4,3,3,433
1625,531.5300000000001,36,109,4,3,4,434
1697,1127.5800000000002,40,105,4,3,4,434
1638,741.7299999999999,46,114,4,3,4,434
854,642.1399999999999,36,111,4,3,4,434
1801,858.74,58,99,4,3,4,434
203,1037.4800000000002,36,106,4,3,4,434
837,984.45,35,105,4,3,4,434
1605,924.7900000000001,56,100,4,3,4,434
780,775.0599999999998,62,102,4,3,4,434
129,551.99,39,114,4,3,4,434
1283,402.80000000000007,47,117,4,3,4,434
1449,468.18,36,105,4,3,4,434
1999,942.26,47,114,4,3,4,434
429,779.1,41,107,4,3,4,434
1049,883.9700000000003,44,100,4,3,4,434
525,1061.1299999999999,36,108,4,3,4,434
1424,722.37,54,118,4,3,4,434
497,931.2900000000002,52,107,4,3,4,434
45,871.59,55,99,4,3,4,434
721,603.4100000000001,46,109,4,3,4,434
1898,960.8,39,95,4,3,4,434
717,673.16,46,96,4,3,4,434
1381,177.00999999999996,38,113,4,3,4,434
1860,928.0199999999999,54,95,4,3,4,434
1530,976.7599999999999,46,107,4,3,4,434
1841,2702.5,32,96,4,4,2,442
833,2576.6099999999997,32,109,4,4,2,442
1574,4936.959999999999,24,106,4,4,2,442
424,2713.7999999999997,24,102,4,4,2,442
436,2630.1799999999994,29,116,4,4,2,442
1126,3095.9800000000005,28,100,4,4,2,442
1581,1640.73,27,432,4,4,3,443
977,1252.19,32,113,4,4,3,443
1582,2120.3,34,99,4,4,3,443
1859,1993.4900000000002,31,104,4,4,3,443
1838,1592.9399999999996,32,105,4,4,3,443
865,2331.6500000000005,28,106,4,4,3,443
1493,1149.8300000000002,24,115,4,4,3,443
649,1876.4899999999996,33,114,4,4,3,443
1313,1174.8200000000002,29,112,4,4,3,443
1487,1635.31,34,104,4,4,3,443
357,2244.29,21,102,4,4,3,443
452,1137.9899999999998,19,108,4,4,3,443
270,1190.92,34,102,4,4,3,443
1606,1340.7999999999997,19,105,4,4,3,443
1237,1217.8799999999999,20,113,4,4,3,443
625,1558.29,33,109,4,4,3,443
664,1238.6000000000004,29,116,4,4,3,443
1507,1702.97,25,101,4,4,3,443
1036,1377.8999999999999,25,102,4,4,3,443
1399,1216.21,33,111,4,4,3,443
1127,1880.1500000000003,26,111,4,4,3,443
1761,2197.44,31,101,4,4,3,443
794,2161.02,27,96,4,4,3,443
422,1338.2499999999998,18,97,4,4,3,443
1259,1429.6100000000004,30,107,4,4,3,443
754,1634.4299999999998,32,111,4,4,3,443
1702,2319.3199999999997,28,106,4,4,3,443
1335,1326.4000000000005,30,116,4,4,3,443
512,1403.01,22,95,4,4,3,443
4,1315.7599999999998,30,103,4,4,3,443
1043,1391.8999999999999,16,108,4,4,3,443
1728,1755.6,21,105,4,4,3,443
1177,366.12999999999994,16,110,4,4,4,444
1411,164.26000000000002,5,105,4,4,4,444
1242,1099.7199999999998,30,113,4,4,4,444
792,432.75000000000006,20,105,4,4,4,444
1846,995.9000000000003,23,99,4,4,4,444
89,187.48999999999998,11,109,4,4,4,444
1235,993.02,17,115,4,4,4,444
1813,266.06,4,114,4,4,4,444
1249,561.9200000000001,21,107,4,4,4,444
1811,1064.32,13,95,4,4,4,444
496,754.52,11,113,4,4,4,444
399,1124.6600000000003,17,112,4,4,4,444
814,901.47,18,112,4,4,4,444
821,478.64000000000004,15,103,4,4,4,444
1278,954.1500000000001,18,101,4,4,4,444
186,63.3,3,100,4,4,4,444
1626,45.12,2,105,4,4,4,444
505,237.73,18,114,4,4,4,444
296,164.36,11,106,4,4,4,444
1414,328.49,15,111,4,4,4,444
1866,201.10000000000002,15,103,4,4,4,444
1243,266.54999999999995,15,100,4,4,4,444
1874,985.1800000000001,30,110,4,4,4,444
1162,526.92,31,106,4,4,4,444
1885,271.78000000000003,12,115,4,4,4,444
1741,188.15,14,114,4,4,4,444
1736,472.8299999999999,22,101,4,4,4,444
1734,192.67,19,106,4,4,4,444
1727,155.4,2,108,4,4,4,444
1721,421.59,16,113,4,4,4,444
439,614.7100000000002,33,101,4,4,4,444
154,1002.0099999999998,27,111,4,4,4,444
1712,866.8199999999999,20,116,4,4,4,444
1400,369.43999999999994,11,107,4,4,4,444
1171,1078.65,29,117,4,4,4,444
615,441.38999999999993,23,216,4,4,4,444
440,93.95,3,112,4,4,4,444
610,717.6700000000002,20,107,4,4,4,444
1276,682.7900000000001,16,109,4,4,4,444
1657,694.7000000000002,27,106,4,4,4,444
176,936.9799999999999,22,113,4,4,4,444
1645,359.99,7,114,4,4,4,444
1644,460.83,15,112,4,4,4,444
835,289.83,17,110,4,4,4,444
1253,707.3299999999999,11,101,4,4,4,444
50,389.69000000000005,15,112,4,4,4,444
1842,993.3299999999999,19,113,4,4,4,444
758,396.49000000000007,17,102,4,4,4,444
66,478.7300000000001,23,117,4,4,4,444
299,253.47999999999996,11,107,4,4,4,444
379,62.02,2,117,4,4,4,444
1327,603.28,9,112,4,4,4,444
260,476.28999999999996,29,111,4,4,4,444
1496,995.9100000000001,11,97,4,4,4,444
360,515.2900000000001,34,104,4,4,4,444
1221,733.9700000000001,14,105,4,4,4,444
1273,295.61,15,102,4,4,4,444
415,575.42,15,116,4,4,4,444
713,676.06,21,97,4,4,4,444
1209,404.70000000000005,19,105,4,4,4,444
1215,872.67,14,106,4,4,4,444
9,978.5200000000001,20,103,4,4,4,444
532,440.5799999999999,20,114,4,4,4,444
38,765.2900000000001,27,101,4,4,4,444
1977,452.40000000000003,27,110,4,4,4,444
10,259.18,5,113,4,4,4,444
746,606.8499999999998,32,104,4,4,4,444
1992,633.3500000000001,30,98,4,4,4,444
704,94.66000000000001,8,112,4,4,4,444
686,623.85,18,105,4,4,4,444
11,44.37,5,109,4,4,4,444
683,200.59,8,114,4,4,4,444
1984,51.2,3,612,4,4,4,444
620,352.27,17,101,4,4,4,444
689,32.8,3,114,4,4,4,444
252,102.25000000000001,9,111,4,4,4,444
1516,214.13,15,135,4,4,4,444
1302,885.54,33,97,4,4,4,444
326,903.6299999999999,25,107,4,4,4,444
190,834.2600000000002,19,100,4,4,4,444
487,155.71999999999997,9,100,4,4,4,444
486,1050.8100000000002,22,99,4,4,4,444
1099,868.5800000000003,27,98,4,4,4,444
1100,324.32,23,113,4,4,4,444
349,992.73,32,102,4,4,4,444
341,489.6400000000001,26,105,4,4,4,444
466,480.43000000000006,17,98,4,4,4,444
478,315.25,18,110,4,4,4,444
1436,165.73,7,103,4,4,4,444
1035,194.82999999999998,3,211,4,4,4,444
268,1003.0699999999999,24,108,4,4,4,444
1478,120.4,5,111,4,4,4,444
1150,999.3799999999999,13,97,4,4,4,444
1603,630.88,11,101,4,4,4,444
373,115.39,13,107,4,4,4,444
446,220.22,29,110,4,4,4,444
958,373.84,10,103,4,4,4,444
449,959.7599999999999,33,98,4,4,4,444
233,748.5799999999999,14,105,4,4,4,444
237,625.5200000000001,6,113,4,4,4,444
241,239.87,14,105,4,4,4,444
1386,113.10000000000001,8,107,4,4,4,444
1199,185.82,7,103,4,4,4,444
